Tiempo	a9	a10	a11	a12
6	0.0	50.66309261776507	158.0764910712838	2515.1971737356625
21	0.0	1116.09489648398	654.6140278709773	1157.2957800917327
36	494078.9729148269	889635.6405153604	287598.5150463372	528217.343940095
51	503672.49825784564	1021420.6679948192	299217.1219263396	496750.5277000904
67	548181.4995087362	985384.4912811811	1482.2428188866002	531629.7180320362
82	480643.09974067745	2964443.5767945778	196439.63937483434	533556.6079924641
97	858095.5893973589	229.4349747984437	223110.00039484142	3087291.0949988007
113	1890535.709695112	148.6056672938168	33273.77917630524	35396.191249137824
128	323.66487602926793	0.0	250656.60382921287	88.62964450605213
143	0.0	134.44880302604287	250961.50235365576	95.82940388603136
158	0.0	133.87766227155458	233773.14266561347	88.58313407152892
173	155.6026757773757	132.6687829620391	244611.45922149153	130.6761909082532
188	74.73838357448578	44.99722437907476	206597.6752931408	43.518178837951275
204	71.02398100325837	87.8663813972287	249594.28195235156	216.64471374880523
219	75.17059367107227	88.77044983441941	188389.46430406472	0.0
234	141.47520024731756	180.91328725613653	221286.38597658658	173.06026732265948
249	72.0743755266862	44.796174111329016	188743.3586148182	50.04402231465094
264	24550.756130688784	22083.049708467493	2059503.5301141462	66540.39162671792
280	494507.3660977318	491493.2392089823	533819.8321483653	6033.3139275480435
295	617223.9266613149	828.4428711160273	691.1547083744779	237528.74649263528
310	543854.243093485	832380.9284352519	259977.1597817236	605376.8747284532
325	475111.68947124487	2999295.5898781256	154543.75012856134	499030.9833326851
341	455563.6675858885	728330.4584244317	14307.569815927036	505423.1697084879
356	1001101.2749257162	103.41203998046927	233251.63850206067	505768.9640097768
372	1532671.4850940816	45.562153673213906	253453.9050544488	3399915.767586774
387	77.37246921951882	146.70460698768497	219870.3156622464	65.33891427703668
402	155.22078844347968	133.26484409011434	272445.4427443116	142.39843634102493
417	78.18570990996436	89.50922791164368	226061.7008080931	85.14997626308352
432	0.0	89.50861504196189	275226.2874031095	129.18457665127238
447	138.37484496789983	133.5320122508565	55573.5564603734	86.03713173913769
462	140.26198412440718	134.51961422345136	115729.42440219935	86.01411683454178
478	75.45251826047897	89.91719568478875	98058.7557555285	129.8055702389963
493	136.18064325213433	132.04319695163983	48907.03180730969	43.097699743229896
508	0.0	88.27800877002068	222601.34335464975	43.06311623614281
523	138.34533376744017	135.43055390421767	86833.92434385773	129.5299672599323
538	160.19428527927028	89.81518480339088	19663.62980112998	89.75535576034338
553	27631.725492749894	26315.484885306934	2097008.418128757	149.6761831781175
569	478244.37750751106	474279.33326072356	522407.72466111154	68635.75583954938
584	386.0321681728214	821.4365395910106	983.6472221492976	5917.05274399768
599	581783.6880443192	833314.5653611266	193435.32776546926	207530.71977586576
614	436589.9117445391	857146.0746335053	57042.14421654213	538588.2113610927
629	501506.05276642943	2663096.605354001	38956.02817537278	504998.6984898331
645	516998.1779137588	770571.7437467282	111673.65426858359	484389.8148909158
660	2439131.213621781	211.34230688201262	252851.82710156916	3537911.185853444
676	225446.40425034706	48.157135471012445	138562.61196107825	43.54051077242475
691	140.41057284154	134.43171251221094	3239.469599908674	140.00550765383989
706	0.0	43.4854956797976	1230.0467637218533	87.68737853772006
721	210.30969738587737	179.69274484369905	21971.687529200448	87.12308500250802
736	76.42715245842933	43.316733580995354	215772.20859564724	85.91984933461994
751	139.66488376300782	89.3495348162949	10692.869041665132	170.73745053708552
767	0.0	130.5402709271293	1440.9187520562764	85.27125618044288
782	211.87555084347724	88.2547278843075	57760.028880778256	170.98899835612625
797	74.78095363240689	86.9682225860376	271717.8565044975	0.0
812	135.58625157728792	176.3806769490242	232856.82531045444	128.633224447933
827	0.0	43.23645077213645	275129.2357248513	135.3897264780337
842	277.3234526777267	178.11959752911702	51228.870066410294	51.13477831369266
858	0.0	86.08659937731922	96828.0786575045	147.47353185027836
873	213.19196723034605	88.06269855000079	184664.4071724281	130.01456407743507
888	0.0	43.01505915510934	97289.16256321667	84.99243937849998
903	157.7569781337306	132.32999913542065	1540.80738585867	86.3997632146161
918	0.0	43.74637345202733	1169.2046967349759	42.578353406488894
933	68.09135896547232	219.32280797709245	30650.96568277348	129.2617323325714
948	149.9953376828134	0.0	165320.4651970918	42.65938605495263
964	0.0	103.39935656461864	1877.042129510776	128.58521111350973
979	79.26954585738014	45.702032332303936	1968.5135001391684	138.28849621020723
994	208.13065514154732	144.88442707221955	75441.30438190438	171.25250751907006
1009	25477.964533163053	21353.059671532843	2096607.211630175	62604.14034193576
1024	504633.63884391484	458068.67814268044	532890.3719680504	385851.9468100153
1039	0.0	1108.330895093945	683.801733828499	1053.2985876126586
1055	357791.8435267175	889201.3962567743	479414.66178312805	621784.4899775912
1070	228873.02898352087	846910.3773242125	90439.09810483217	501782.0041790852
1085	258085.32140955495	2163415.3743684823	18548.608114367722	487891.2565561233
1100	287636.70947751164	1213771.7674909113	10470.865699537964	492898.84473303205
1115	258597.11740548827	90.34813384771347	71103.32438094444	3712957.2943468345
1131	515110.32828693517	89.53724960193038	1320.234513014555	130.2164070098754
1146	2524809.7161554643	135.60457324749325	17112.80197929536	0.0
1161	19468.20643417798	87.9767666946631	254322.5289674476	204.60078795671464
1176	76.52385451456067	44.100542271542366	125706.23431594006	43.62641875546891
1191	0.0	86.6908304467611	19695.156890080863	88.0899199045729
1206	74.38208738070912	88.85301564872265	4464.129402252622	0.0
1222	0.0	87.58741906501353	1599.6713707562537	50.670400394685565
1237	0.0	47.02967234850396	87856.40730423266	158.26755073785782
1252	0.0	52.02623821794987	57700.88853485587	143.62743244943675
1267	290.5759990741499	233.05481932885945	5523.9814164122845	129.93846267085522
1282	0.0	88.57611930579878	1322.6989839165333	43.68457802052144
1297	68.77953375879675	87.66751524277963	9289.136774318973	95.33596896621398
1312	137.57764738337136	87.51055033951998	2044.032328499071	215.2536982243182
1328	0.0	89.10050230144523	287722.2666233987	86.64139256434515
1343	147.38938793024047	130.60527213159017	27105.9050393448	127.65838763981593
1358	136.3650303483568	88.6086944231484	160455.19288168792	86.70134591903538
1373	0.0	43.735523469797336	23599.207687759546	126.87053189724685
1388	217.33449901623186	131.9514793380769	182555.40467400607	42.8772116034152
1403	0.0	130.79270504665095	11603.34793302186	84.38399095884525
1419	75.75606507584453	87.43849708204158	716.8251777223126	216.1860323387431
1434	509.23988996252416	87.16627867990174	888.6063085432537	92.99366565562785
1449	0.0	222.477504045167	1992.6833068595781	150.93596889980603
1464	74.9473617766425	86.29356481488794	1771.26958155185	0.0
1479	201.7131135148695	43.84731920375023	49886.55941482902	130.40563675536308
1494	0.0	0.0	12137.875737495908	86.42085011022165
1509	229.61730606380848	133.00533668610268	1170.0100027557928	129.20038311523388
1525	0.0	43.3221634560125	983.5911530255712	0.0
1540	136.84961815875025	132.77597798530945	54161.6435252316	215.57564330704042
1555	70.58102974948939	47.710244300379415	38921.06612013213	87.71464729950763
1570	0.0	159.8333123338502	166462.54994944506	85.43735815559513
1585	200.2433548271656	94.79865073777735	8086.6453528594975	141.46810012435074
1600	0.0	132.58532543063163	84628.61571749901	128.06731316589287
1616	220.18666053012015	46.336554332203235	9425.40786593093	43.58752969234251
1631	74.04147419981659	130.69244647039565	343232.26308863226	128.5515870478889
1646	77410.24779284428	88758.97684949137	1489815.9495110037	128.1595547014335
1661	957.8267968621105	6865.114486416057	8413.654792356994	135191.87604914547
1676	0.0	1024812.8802996227	367256.87578317913	4168.008279666491
1691	472393.5738868781	831791.9275325418	495498.5564923038	579793.6318451997
1707	458480.7258390459	885407.286541111	8217.737979478896	508909.57889157766
1722	432533.99763105396	4987656.399912237	1251.0085705496372	496614.6400741816
1737	507492.90069282963	45.87521063450258	470.5706181871612	495448.97519059095
1752	3556383.199838966	132.71147734906992	896.5079886827989	614286.5072294523
1768	189.13136126313358	44.580721749141816	405.26106527068185	2490367.9724917603
1783	0.0	87.91961747854948	631.8288363603502	89.2388948344905
1798	209.78587704069446	139.0526006986946	1500.886948008556	46.84298826855607
1813	0.0	43.524206811804326	2430.5154438912123	0.0
1830	69.78501365091651	49.016956198285335	2355.4642725281037	86.97565290905536
1846	68.55539759032428	54.71755056897644	250.6438363713026	172.69973029473798
1862	0.0	145.89026432566345	568.7681912489236	43.05085414135363
1877	208.9045352690108	46.32232731349766	508.6695555370767	42.87500674559269
1892	137.6683531686198	135.14508856460452	38155.75061009656	170.39176621381193
1907	0.0	0.0	316771.5566321079	85.72489581931383
1922	148.94173211277462	89.4728731043823	164780.64863109807	44.13124684020877
1938	67.45384026095272	131.9264536703378	1103.3465524941123	173.03645343597978
1953	0.0	132.57788903016598	2671.5321165758555	86.6201995139569
1968	0.0	43.6664280000329	1265.8342960444095	85.00678559478372
1983	153.57145781099797	133.28094936981796	2078.8752415555996	128.02112894458696
1998	133.76322055120022	128.46592394668144	1190.0083727616816	42.56461152133998
2013	67.51106288807466	88.72171954443678	1820.251324572414	129.15756464706269
2028	69.16096647270024	130.4637328228215	1436.1994009904515	127.31473647069186
2044	75.53836716106161	88.4022739089746	17873.29719212927	94.82244551680051
2059	67.19277239747345	43.288930155630226	7321.9743502535675	99.70528546118177
2074	70.08201605916024	175.76173138968647	105746.33462412683	142.45564880952705
2089	76.77981170718559	43.63985325023532	142753.4053589548	43.078047663718465
2104	172.21139440074563	177.15416459560393	24885.616420703533	129.87677250722888
2119	140.97913177728654	87.44340920433402	172156.3548625738	86.47145958648063
2134	135.18568318933248	133.06786807436495	87663.04579028145	175.64077122434975
2150	0.0	99.89116841222159	213290.7917795336	43.674892147528006
2165	70.4396259930078	55.81211143676657	74152.4448056242	172.98261679211632
2180	0.0	189.31635493608192	7707.5666051449825	47.353507284992375
2195	137.30212175527586	96.9309781397134	7018.213033561408	130.41887689604422
2210	144.41324507893995	43.750279618473726	131325.37283803962	84.38755265811459
2226	150.85535632520913	176.26413313552737	27630.084059482026	84.89583905774168
2241	0.0	130.6070290937461	4353.847311730441	85.30665878459811
2256	72.49432985162828	87.54738583546131	8495.507793313263	42.954532340839506
2271	145.6990363779571	0.0	179157.53085427996	170.259825322032
2286	72.69861065030098	132.52104549322743	79744.59024444717	86.78210530136712
2301	154.31120569609106	86.9288848800864	5170.5985661667955	169.35631712824107
2316	0.0	176.17788635492326	49952.62377028041	84.61313969300129
2332	0.0	43.668650364209896	191159.6883229615	126.77797533497215
2347	55779.664563255414	61461.209055595406	1690484.8201679417	113369.52378911652
2362	601467.6285567547	5629.180536442697	5868.88368549481	3412.752134232931
2377	0.0	1849.5039999567716	914.2433388027549	594083.8568926312
2392	523843.68978726113	828921.4131229569	38540.138961588986	502408.49928569887
2407	503824.67819961195	857192.7458503093	6979.233117088004	478415.72484266007
2423	372390.2308622453	5119672.854812699	86735.0098975411	498929.01771627425
2438	508190.40942971536	135.1329136079969	286140.3524592519	601946.1556184118
2453	3499676.6593633676	0.0	232633.0652117621	2437911.6825998714
2468	283.50048858067487	262.9480131543288	112263.30192306485	43.58730739601888
2483	0.0	47.937079941798004	7704.315039958962	137.14347545242867
2498	69.73771131888032	173.9695469199866	2006.2486100250994	86.07204396277666
2514	0.0	44.116993114720096	2151.1080331012886	173.89906331462785
2529	140.95937977891415	180.3667910646647	1884.4206124452874	85.89360158145428
2544	70.2324378589075	87.25987333081663	3531.9285242651395	168.77505521781742
2559	69.01223582647741	43.529490211606024	209273.37718185256	43.0762606137665
2574	223.7553274106188	131.58589433882386	263240.20566478156	42.7189014235558
2589	209.17584043834358	88.30665882010945	24022.350171012058	170.9383591051027
2604	0.0	87.64958727709949	5533.91317132418	0.0
2620	202.28079143285748	87.21994383419865	6228.026169508323	85.97376253437251
2635	0.0	0.0	6522.069405293437	228.90622176956384
2650	204.21010946032123	131.56526474432553	62436.88720770227	0.0
2665	144.86325319200753	43.7052825535275	189303.09261112905	140.09715897113085
2680	0.0	131.06581279807259	68259.92526033714	86.10779247221537
2695	0.0	177.03196960944683	2971.318259780556	85.99589347684756
2711	144.79090057970024	130.62188206045423	4395.227933356106	85.67412703751586
2726	68.85565556477755	48.788121565929615	3742.9451652699713	128.08857113289648
2741	230.6044028769806	50.943082961537876	1306.8520802691578	42.92815244568046
2756	68.81517415493727	151.1272175744176	1912.004057086408	42.557390064233914
2771	72.37825647320598	132.2698503289372	37324.25713004105	171.41923002664
2786	136.29365143418312	48.25904715955257	251688.45443238175	46.91838192132767
2801	0.0	87.62425710439682	49304.01760689869	173.07362213889138
2817	135.44120326437056	87.15597969383002	6753.822875820892	127.52142815410159
2832	144.2753963994328	129.04451440722215	3013.8582268615623	91.58897096961736
2847	70.15351584436372	131.0673819825053	2230.606975327916	84.41311015703715
2862	73.48679429653566	42.920261802994645	4561.344562969729	42.966655064909716
2877	0.0	178.7806644365564	204290.7324622303	127.5426054095244
2892	133.9749592872709	129.81349704042077	127675.3784662351	85.71848142564296
2908	67.58675275098066	87.9784311980009	8603.043928969144	126.23855814483483
2923	0.0	43.09100002348423	1238.0275791201273	85.50628534064629
2938	473.55960481770336	45.11743920416106	4297.840036014095	43.4620197967533
2953	0.0	175.4716037220694	18930.688108205795	203.07242633359508
2968	136.82511690951884	43.61703479893506	172564.54063119637	95.67912788192741
2983	56315.75955159021	56255.675498273056	1944758.830481996	85.51644819149747
2999	509939.07647884765	415586.9005768755	460794.8197911445	117244.72518918799
3014	591.8668825719506	1738.0101583424212	686.7543684656919	4360.838252949748
3029	579754.5280127955	830176.3248815917	262304.59997310844	585967.3845860092
3044	447655.2113264513	876518.6038363902	92835.14402924693	487865.04059165024
3060	383211.0670859151	4594506.098118823	5447.333397209644	487505.5357281732
3075	265142.9403003526	105599.72047407954	6242.300044241175	472906.45755338337
3090	269301.31586204603	88.96998251885175	5440.1849784411115	2811409.844201028
3105	898651.852413517	223.87856876794248	2946.0061693525317	86.68893439843319
3121	1037408.2967332331	183.0281354560144	7184.69897377368	122.62019472852349
3136	0.0	44.02584652359132	140196.36279380918	171.0974629358016
3151	245.53824765218886	43.638532559028825	319116.78576987225	92.8185472217761
3166	0.0	86.58036544372328	70026.75336624906	129.15155204562004
3181	68.74198796440847	90.52673220417462	7923.484708363395	132.89347719797865
3196	81.37221308611333	87.06819945073687	6596.45090998134	42.34641554054338
3212	279.06497002344577	132.09222419132945	182371.80769291407	170.66808187423274
3227	0.0	0.0	67741.67038069748	91.31715043944307
3242	212.22269217610358	222.9301832679659	5748.943007321293	95.93863656677306
3257	77.45088718647602	43.429180991533215	7559.945131983469	148.68989839226938
3272	0.0	87.51962618141435	136196.36247970708	94.08635219762101
3287	208.44670618772508	43.615372306876814	91896.25534472565	0.0
3302	0.0	44.310515249166635	6760.329144018889	216.01887601315977
3318	77.95605040550232	129.41350344782228	93496.10405078378	42.848715428039434
3333	207.07775245204567	86.86745470223018	151110.8481050265	214.71458081477323
3348	69.28371960244607	93.28051057221369	288888.4581368894	0.0
3363	138.78014857795088	99.57590980574489	189998.67248579083	215.47451534511055
3378	156.41866625438445	151.73141226621811	1140.2587128087878	46.73681323691737
3393	67.40269048288465	95.0222310253419	984.2342197939754	85.53691957063972
3409	68.11775521650911	131.37015634147915	817.9401128599187	83.93921922779641
3424	67.43562021292746	88.16081709886902	2027.9800303638915	85.35478593866341
3439	0.0	43.24965107670054	2451.2631722912192	0.0
3454	206.49731504738332	130.18059108502698	722.377254069373	169.65760315574707
3469	134.1547268861532	43.133854194851594	501.092592651844	45.46631678511854
3484	135.56638476997614	179.02958036780356	481.21590290889145	258.89020834861327
3499	0.0	130.37262575130444	638.7330243533851	0.0
3515	68.61838443291839	86.90281383446418	1105.4654949653848	85.5739087918587
3530	66.6435233862698	43.4720413181046	1946.828607777357	201.06171052297577
3545	199.82126704601572	132.9819321855437	2806.7199780621104	49.48602356854826
3560	73.72008448814974	87.30603791397996	6110.2333892235165	139.4627271182835
3575	278.05319093607363	131.37942335229368	4674.969149524347	129.33864099592904
3590	0.0	0.0	32540.046466057305	0.0
3606	78.43357655846513	221.8955322200991	189303.72720233782	88.8203609039262
3621	0.0	43.263015148798004	75153.8303522481	42.680267618140206
3636	0.0	92.02601583003998	7305.41023271313	181.28620865918697
3651	0.0	0.0	5880.91684908662	46.39999747309834
3666	136.80998730696737	152.74325369896832	2429.274209541399	129.98649225220083
3681	153.01018655240534	45.97282328130212	229074.78173680772	923.8113575756553
3697	81548.85325785357	93174.36382494294	1519543.3843238153	137244.0542800611
3712	504798.30790906795	311599.1830352681	386598.77492268384	2636.7984007462624
3727	0.0	2112.465174026042	1145.5212835456477	579662.8368689397
3742	536676.4595068691	810356.4802476967	258597.3141468204	501394.24485081236
3757	472047.18242503173	857015.6974858998	93087.97021126567	493826.7565101006
3773	522957.6341468656	4319162.851262748	3229.906070211241	490534.8200230017
3788	497969.74542790285	70795.36554750662	3391.239141398724	483293.35708517866
3803	3484411.573415394	43.33917179163545	5537.713720982317	2807182.096386183
3818	6179.948319301149	179.5973691251315	4904.380059531257	43.48043843843509
3833	80.59523835451807	44.40452495440841	3311.5416225020213	97.51045418731869
3848	0.0	132.85467526213264	3689.952408488988	94.04546073057689
3863	150.84953942977825	0.0	7203.210629178286	99.53381248528137
3879	0.0	175.77299336498604	291940.8540755505	145.34825983696618
3894	146.88598256696017	47.00922712087166	105224.5933473291	46.09430975980591
3909	74.15320803020614	132.75279327481985	174480.7887533194	131.51853900924323
3924	77.33263723746408	132.52668822817503	127001.99001732489	128.82427628315986
3939	67.8482229239121	44.129265833022075	6066.116316801421	131.16872446029447
3954	67.3165937057184	52.71501674047671	6684.943299868292	89.94654123511165
3970	138.2007166669704	202.77903147935868	91415.86540052324	87.79990048270673
3985	76.7834288288746	111.53223190024495	319784.8868218065	94.99777899906039
4000	0.0	48.813941816985604	65903.71692018578	132.69459104016425
4015	67.94283476326615	190.02845611615106	1640.0577940772473	43.02317517407704
4030	156.03260463725775	146.8971165030403	2013.639358583987	183.8396988726966
4045	67.57139283776283	96.93923888191581	6676.014481884017	43.479856102126654
4061	68.82245695597958	0.0	6530.41944233857	172.46717425584794
4076	137.12233091998846	271.8389003319293	64798.39442631255	87.52161935321986
4091	296.8866363611631	98.46372776031494	294654.03540804517	87.8731822108943
4106	0.0	91.87605219495482	133150.8056817893	127.75575342956465
4121	138.3268810685631	53.357440618425606	1606.0324449143375	0.0
4136	133.9181921624765	89.72297314180993	1794.810146701783	219.75853301261085
4151	0.0	46.839561039581895	3111.637571266331	46.090093676731925
4167	139.7837329378724	114.00978754550219	3616.594711042028	52.90622042864561
4182	0.0	47.72948889518622	3374.3946042960465	181.92529254965484
4197	0.0	178.5781790614128	3777.4006309062243	91.46991154423915
4212	0.0	44.61018494701479	8698.184884932949	0.0
4227	0.0	106.6782970203273	202022.36103828243	42.41506594493519
4242	0.0	0.0	56281.8529116167	85.38065998724662
4258	206.20474869045427	201.16885452210903	2292.279543521404	45.9244537986815
4273	77.97880353671964	49.04635189053602	2533.8416057707736	127.79893449042923
4288	68.95811870321631	239.9308001884958	4518.883312256038	85.96620223537087
4303	0.0	50.195520663671196	153142.74628790637	171.55133226206527
4318	271.67344853945076	206.86864179372787	2409.390131496638	89.49172188403085
4333	0.0	47.51922842698172	1992.2680999358095	129.23363595065194
4348	66.97286675252951	48.98738421244081	2440.9334457240393	42.95049011679366
4364	66.68584788219071	136.2471614729846	130599.81797189984	85.81383250365033
4379	69127.366859704	79279.17761428627	1689685.2026264784	89.02790863236413
4394	578210.0272810964	377200.2221459105	423720.51053831633	126440.43238874862
4409	1013.7627468475699	828.2650511932745	436.7890478172898	3377.622307818057
4424	574284.3499203968	811384.4682991202	250286.97516572825	572047.6422348986
4439	521865.2797221112	846061.8408550457	4680.320313327778	502714.26031893474
4455	428141.2549908483	4559124.005286937	22823.380072218628	497601.83383452706
4470	506162.9710441321	97403.45734729059	8165.053151597826	497462.17062443227
4485	3360378.9501387905	47.006447953493335	7135.103894214556	3105540.739987305
4500	30811.438434074782	202.71677120923997	8608.964924890995	43.23931840031874
4516	83.12342761009931	44.84814656748902	3799.8531437631414	142.16575040403754
4531	72.71939505696763	163.7043531693751	153546.90341129314	93.04752432645299
4546	153.38353434780612	50.424905125834044	6014.417898337617	87.18235496386886
4561	0.0	120.02268520385027	6443.081066005341	135.35272031174506
4576	148.61315074056387	91.93298054882325	166977.86114432281	96.42510202467442
4591	0.0	100.966701798141	77990.40382630627	132.41694839850067
4606	149.35123642920516	141.8477277571801	6242.212272743291	0.0
4622	0.0	92.33430123011581	8080.718183998881	171.74872625797988
4637	137.39737209409475	150.56882318156306	244219.0678552978	41.861511398325675
4652	0.0	132.19039836368523	159856.32826287494	171.92708884183318
4667	148.61893343078904	96.89183340942488	212661.47126704815	132.32052278023212
4682	68.32308277451433	192.26631326843054	206403.32758951042	45.82474598423112
4697	69.62867694825866	47.16508282744791	1374.6229949357921	128.88814705008176
4713	136.69198660215363	44.858268472412604	732.7029894993826	43.21241904863622
4728	75.11175864439923	143.15034654144196	649.9888788098469	92.07636343604885
4743	68.50986972570419	255.2576992481947	1314.2815584200619	250.99628800973295
4758	69.19488374697511	0.0	632.6005205006153	48.404392318311146
4773	0.0	95.43609976768494	404.8039432056248	93.19740023623221
4788	159.66062246661633	51.006725253672336	790.1578960109968	128.42621388578786
4803	0.0	258.96798023954034	905.5625097483395	0.0
4819	0.0	52.76765180439222	425.02054697801356	85.33441206953488
4834	0.0	0.0	765.3143775250016	88.9259631022159
4849	0.0	53.16178624726832	633.9308052339032	46.82268472228665
4864	67.78660689786543	216.7854964877665	1258.367841053009	47.15484138531145
4879	134.41396555900573	114.04023535283282	984.9860186943413	182.95387197276577
4894	217.04804589928125	101.25205980859697	1600.6660084699233	43.44995595551096
4910	74.15752441182732	101.52456224183553	2680.285500039533	85.94920865161345
4925	205.26621023967863	147.45368703891523	91049.88406075908	92.86408353745938
4940	0.0	47.76228732779622	126687.31825092011	96.29359182433225
4955	270.5660198400915	102.9840482042078	1098.162442744011	184.39473902016877
4970	0.0	102.20690414309502	1937.2375688574093	45.9045487825945
4985	136.44225274443627	92.39046458146535	1780.4678229952374	220.58653980700765
5000	67.20449764788151	0.0	1427.5729333859683	42.49836353124585
5016	0.0	95.56654151749797	2232.2584284689838	86.86311441622675
5031	145.49563144954854	106.29413349321112	3188.0110617105292	93.52908632077276
5046	68.76405480276793	158.86240880146622	149542.46616690964	99.48540997498668
5061	136.09544806277844	153.40798162015156	92241.37854204919	102.8945402392745
5076	69.12901918890886	130.78900011590682	5934.322619332374	43.52781091098208
5092	0.0	51.18076964952983	3589.7934367628995	171.15937570821495
5107	219.47939548641443	222.50355865254997	5038.088018119074	47.14461518549826
5122	0.0	49.419740047492084	2183.1153211098535	42.757311653289946
5137	70.48398574411868	46.55160942035727	74855.58493531273	128.98715558346825
5152	72.3237992549641	262.8305055903271	223184.2941373949	130.74652305737604
5167	133.87691617563368	57.20091334693134	25110.08483301792	86.98805816166103
5182	0.0	109.56195444613695	6689.986496989569	99.31642988459207
5198	0.0	60.12978201054968	7081.214386343016	42.926238843104805
5213	147.68352395176888	48.87935983009636	313868.24860285874	132.12603337867188
5228	66142.46920674844	73134.2127615075	1277419.5808064034	121967.22665915005
5243	1043.3858252231776	6523.727789202705	6828.55151100494	4121.103281973303
5258	651505.3462926996	1062316.1972197646	326790.4418388061	607748.7241648631
5274	506415.3130305469	871844.7575041978	6462.09691394642	487123.176545434
5289	454565.5626656856	857561.5857392126	5892.549140102533	482272.26648666564
5304	468781.40246056276	4712603.0179487895	86534.31488791756	498002.92202473205
5319	507755.89999590523	237.25146970690696	121276.40371419057	830167.5311518848
5335	3729909.517189932	128.42047908604144	9387.18787676438	2049393.5014134368
5350	171.39579221457242	103.65642939987592	127227.57574659478	211.82813701232897
5365	0.0	141.95037980140654	303132.1597279381	48.712991236150266
5380	154.52337230980396	47.989772955290974	157623.60738120863	86.37471849809401
5395	74.29432996377349	47.47670989282895	1624.0713757425547	85.48585455682128
5410	0.0	226.49461199525743	3104.753003268242	97.96531206220388
5426	0.0	103.87868181738071	1659.0222243772448	45.057801589928566
5441	0.0	95.40358010007068	991.2099426697146	44.040687277391555
5456	136.10023124456404	103.61801451793872	1342.315803102404	85.98043384581804
5471	67.72315527896862	121.47442801758648	661.9957669975983	87.9872190030571
5486	158.26157978863455	54.00505841227714	629.3502328974754	45.59581979347393
5501	136.2572797062993	95.04296650408767	977.0961042112112	86.21234429590405
5516	69.63524202257395	96.14581408947706	891.0201839426904	174.94658674931154
5532	0.0	53.78720325082541	872.6513865410489	85.68415551783517
5547	0.0	181.82679042623843	481.54304239109155	128.6393928277027
5562	0.0	43.99605718649458	22381.8239296074	139.16401153984947
5577	205.35864081285428	238.8889320742339	126532.41197743025	0.0
5592	0.0	95.49680353105069	75647.24091386795	173.0055508138798
5607	0.0	62.877459276532754	1702.9771065797659	43.156963817537765
5622	137.83498063730076	238.63643033998088	719.4502294778684	131.58501474728342
5638	68.34132103443146	44.22389311814215	1003.1252662712709	139.43678201367146
5653	66.79072753250598	91.09888332746922	745.0920847157109	44.53615723759867
5668	224.57470868261532	121.27132026798091	394.4896878488362	207.79177401974798
5683	71.14273796812165	50.382723447829484	645.0739199066162	48.79270925823599
5698	153.5653546502441	191.83194287337363	2509.3447866106408	43.13918096321169
5713	0.0	49.926449448689816	208471.7467282348	182.66851951479913
5729	158.17037603281437	0.0	70888.30843056143	0.0
5744	0.0	148.57212029450108	1462.7213107578918	129.80287227340042
5759	0.0	113.40100595796481	5817.937228165865	129.8013500211993
5774	143.86211275823413	285.98754439875484	65825.03445555017	88.53374710477888
5789	76.04177178841084	133.82924876932987	205359.96285132223	99.54783131623641
5804	135.37259347685614	103.85856986582279	2313.643572305306	130.22894859740975
5820	66.85700475473888	102.4603923857212	88103.06033591284	0.0
5835	68.32198765315115	58.43993184618652	74937.58483772188	86.56812977027148
5850	75.93326398386154	95.01367234842851	24594.159162203156	230.215880766348
5865	0.0	139.84606802288442	649.0470117884875	43.092975946352816
5880	270.685647012759	151.52818954188376	1070.6371819339693	174.3019538285397
5896	0.0	106.70309625715018	716.8799403499066	85.30343001010827
5911	146.07876172298566	116.45614784891717	2887.020496663079	85.11437246466056
5926	0.0	88.9909404543601	3745.5663499514344	43.92316178186797
5941	68.65836790904403	153.76576607982628	72843.6710810156	148.90626300074626
5956	134.86918398266658	47.515203774380495	42745.23748785853	146.25455395647325
5971	75.31547767231241	95.79537363693117	1895.9786140430722	50.12525159340352
5987	135.135600284189	55.30507004163228	4164.443052593619	42.4867701275181
6002	297.0118510276079	91.8660410632845	160009.23922672935	89.83436708664522
6017	72.82137134984136	257.9396663972456	55521.00521059893	46.2786304333061
6032	0.0	0.0	2560.115648344159	86.79753861872479
6047	74.14246773753315	154.49207272015047	4500.904891755804	43.52164084244054
6062	0.0	62.33516788471956	24466.970002636932	127.7245944978157
6077	68.26090208158828	98.99855078644119	745759.7127113518	6952.544104043394
6093	108317.21688227243	116678.78506315223	940369.4605568823	149849.56971464888
6108	534.7043920260295	4206.796159499474	4926.505766708664	800.8980728271604
6123	534730.4308338729	1016670.4630674605	283752.098236297	590036.9023887654
6138	538876.8025019557	893927.6668772688	147522.15057012622	499762.66691915016
6153	516127.319490105	1275615.3199203946	315880.7485971046	475990.4940158817
6169	429675.5827110817	5127924.414342556	114769.34269218566	488550.24742462987
6184	430577.7382745219	49.80543573460076	34869.715981336834	542866.6850740737
6200	218552.14504555112	257.4350770565914	249043.72133590796	2087909.5884557392
6215	2242604.2581582074	172.49441118668767	150026.79229619913	133.54453109764495
6230	990.4459371801094	148.08546481351834	1038.0060891382022	87.07393410904334
6245	162.2411490999162	43.89892376766075	476.42429641485217	143.85659693783148
6260	151.30354570388795	134.24191556036007	631.9790708900244	97.7497261351347
6275	69.62806829810143	95.14765669956803	1198.430851975875	99.50546935386956
6291	150.63940513106994	56.97391969881021	3177.229224415929	133.75814638081937
6306	0.0	134.50756616297645	46637.52328289399	86.15902323095128
6321	73.36778148204088	43.90066912854556	295755.1115053952	91.20944210144691
6336	161.11022417156025	175.81546435397118	112593.93468460487	127.9033297173679
6351	0.0	162.01418072853238	73175.98149660982	86.3768556183111
6366	68.5903494630754	0.0	891.3407088822685	43.55774198497645
6381	149.42781571388244	148.31168457881546	1462.2845566922517	140.82575002104508
6397	0.0	144.5230957576772	133681.4591913393	92.34352857908235
6412	67.20753011036665	45.26692913575564	223003.04554398477	84.96970364451408
6427	137.59391753435136	201.4852904999256	36879.23000641167	43.2972969945753
6442	139.12814489286393	99.39170841030777	7090.885310451388	173.0071713015251
6457	238.14852668202485	47.18581541609019	5901.6626176220925	0.0
6472	0.0	93.71145008155145	5419.973780264817	93.01979361921549
6488	205.32384626984597	88.05023696545511	95207.2762226012	174.47064635084942
6503	68.33603945579846	246.18559429014567	116957.56174422204	172.25344428369775
6518	72.2087213184312	45.23576956828125	5807.098382906708	85.78998270332814
6533	133.32179229021074	141.31635989248753	94251.37727986374	139.21581450261175
6548	0.0	133.81763118853792	50954.918533277	51.0242798861675
6563	69.65476053209044	0.0	7202.227604633197	149.20097155798226
6579	233.964962169528	50.182301153987645	96517.51753333808	141.48757588796317
6594	0.0	89.14158645868301	3431.997780942418	42.64919997849036
6609	79.03466687645763	150.08336413046345	29107.250448833856	0.0
6624	54527.02810929202	55500.00361760766	1855245.69006013	105323.0412804344
6639	481720.3665274825	395509.47280541586	443075.9941428638	4137.262258229777
6654	0.0	1386.5298756331856	660.7817211892689	583902.2160980098
6670	546593.1174069968	839555.6732281446	64082.334505085964	522347.63703334937
6685	534778.6467372512	857491.1432747885	6950.142674078606	484993.85958136426
6700	453130.56040933816	5051767.308435436	122202.3237882687	493723.75473254564
6715	3849491.2824610807	97.82496508018113	10901.415799275637	582452.4095820029
6731	1586.9640940686456	95.21160638060421	81605.17051258245	2675853.2524373713
6746	0.0	136.5659521367261	239933.20816783537	87.49377136385068
6761	0.0	142.85243858277798	239105.98863194018	126.78021466553211
6776	79.3614153948985	57.46156952976715	33718.514185315675	138.29793428126257
6791	69.81997892179527	134.2936139571201	1504.0460272091445	87.90643798531964
6806	144.40349189724773	136.29451322429347	1679.5164664049264	86.4740674212575
6821	0.0	173.2235210012272	2082.1639709107017	43.65614719705191
6837	157.80262748479842	112.48824480459093	545.8237614100473	171.4349036812596
6852	0.0	131.72966803237796	651.8096196532623	107.24056814968586
6867	0.0	44.21368610858917	1610.371404516697	99.46361772984267
6882	213.50104981185402	175.1439772149548	1778.956205789791	130.25628446957097
6897	0.0	50.545333221554756	1525.1250417061572	84.98432867320254
6912	143.23842166230082	152.9431423608167	25626.8976353141	175.25503618568183
6928	76.8577239010483	44.6257206830848	100693.83642980702	45.673783821612595
6943	70.05549671754241	89.98133254534565	2157.5898655861424	130.14683761605062
6958	226.88680165048692	111.18807895772159	801.591785170883	0.0
6973	146.88972570061685	160.69083577101117	1003.2137624546885	214.21512971543706
6988	71.99788938365877	151.65603716231882	2099.765038015097	93.56889612662606
7003	138.99988602921366	88.2288927592244	3476.9125409415365	137.2953477671463
7018	111.42945997014641	43.89083854386583	171227.23784954843	43.53941285786219
7034	213.95585506260397	188.34586229279637	71192.156255796	171.99178140053525
7049	0.0	101.66344457341359	2733.6790524564312	42.297222693073564
7064	0.0	141.75604554912542	2166.9098072982206	128.3053525883239
7079	146.6825226336345	44.27916730523575	2837.4986172024164	84.95999456373974
7094	71.45162611082196	238.86003895350734	2590.624540828662	138.47607408539392
7109	68.19872571329121	47.4829372258205	2501.7804750941696	84.41896046490409
7124	0.0	93.82714148667641	80269.1421241006	87.66887647658587
7140	77.74081060969736	142.30563111305236	190101.98420053112	128.31944133220242
7155	70.5971139063919	95.9759885763377	44451.66295436225	89.82468465697951
7170	214.3787780329585	87.96364684448578	4127.099460839405	45.060313430591485
7185	66.54552651286126	100.8231299052015	5811.385474483352	147.12171463186854
7200	79.67245784478263	45.04529863363132	142798.57265180312	0.0
7215	0.0	143.17105471491814	237383.43172361414	43.90735601854976
7230	0.0	88.14217062539421	97122.88609049369	93.51158171139657
7246	134.11269172668457	47.710211760550735	1904.2312946431339	129.848117575706
7261	0.0	0.0	2791.552564956178	129.9242496624263
7276	0.0	216.83550346344708	6895.10836982673	85.40089345124551
7291	70.82648944169283	46.824301323518156	5562.98414527774	0.0
7306	0.0	87.43021026764997	147017.73105842364	130.7680514854565
7321	302.23105538368225	44.524904844774866	65257.919444823274	87.5726178719569
7337	0.0	176.38156638145446	6385.784105917177	86.29707782326267
7352	139.33462848566472	142.72751541003586	120278.39331940412	130.49391284957528
7367	67.40473013665527	88.21236630871891	551076.114749892	3606.879984788597
7382	92630.57105199534	101085.51686998688	792231.8639326667	138019.26405639257
7397	1090.028880006373	6891.04375262551	6586.239121662183	2631.643769725561
7412	538098.4881850032	1026476.1139515999	249161.01960531413	593100.5756903179
7427	498424.43484720134	861199.8948765516	1216.069340827991	493852.3838802535
7443	489120.78740302206	828284.9474977714	1040.5695380395462	486011.40207981033
7458	468654.6640603483	4025291.91655884	3776.2980980150587	480176.1711569037
7473	490669.8842743493	134.9539808590617	7516.169047467726	1708117.1165940373
7488	2460590.993290018	0.0	245983.52908198602	917742.337168934
7503	297.4037098248303	88.70839297729545	9207.418404423119	43.781306990417654
7518	81.07448698505759	179.29542657840997	8835.067222574233	184.17264353513718
7533	0.0	131.750180567801	155216.80100843462	43.71811802561861
7549	71.25099181417376	89.06154903396964	153361.51441586408	43.23045054929331
7564	136.83797942474484	139.71884515521583	55033.681310622014	135.2631793000549
7579	158.10980502230115	103.88536699846387	265919.77638458856	94.01500611453316
7594	68.75685196638108	54.530052287578584	146731.48858132714	175.84107794443145
7609	70.92924546740949	88.07294426523148	2027.438985469518	43.473243889231235
7624	73.30336935013533	133.01694190856068	2149.588571105003	86.08702283806167
7640	73.74906740737613	131.5729713938618	3867.4903661522735	130.28345090076328
7655	137.22696999281644	44.29475331760943	24451.271173350513	137.12125140096992
7670	0.0	89.03163037449121	177491.39942339115	42.990439293384554
7685	0.0	132.66744873918591	20662.531109827014	86.71802620567381
7700	229.7380306944251	131.55887030138635	2227.177433284987	171.35605079233648
7715	0.0	132.49483317889275	2991.0902750484647	43.271054501086475
7730	67.49088141925633	88.00767128914595	2123.6971961412582	86.10193472273647
7746	73.63194923043251	88.4393697253149	4395.337615721114	42.687595359757545
7761	71.80835316734388	185.3397873519361	3339.8300199329856	129.87180703440214
7776	135.22300918048248	102.1895546178799	3256.1073016155506	129.4901987669617
7791	201.58070580638946	0.0	59782.68898447076	160.18858865439893
7806	71.90790798913221	135.71310235038402	43625.90698976219	96.54049305422231
7821	71.27088771164418	133.57187962590717	1720.8253393857558	46.287055885274896
7836	0.0	135.14642111280932	2237.4207554623486	42.57615544677246
7852	0.0	89.28764436366968	1710.3200620681978	94.85922985623591
7867	161.48562422022223	135.24825101742056	2631.990465293066	43.72868468455505
7882	151.4179270011373	0.0	14799.47184753418	171.64033519277348
7897	0.0	131.23654587321448	261949.04783172195	44.45666543439031
7912	66.97278930924833	44.67721168916207	135663.04435442007	88.84756757207215
7927	71.36173038004898	89.29384670706466	652.8508022264018	91.50736681371927
7942	73.4549290318787	219.736530756671	1232.3907049771396	135.00533007692545
7958	266.8679764482193	44.7197443382442	1528.075170558393	42.95903533374891
7973	0.0	131.5566307987226	2254.238951372775	224.23150500557384
7988	72.39151465814095	132.95136820112822	5641.851903029122	43.30600100643933
8003	68.1328725458309	86.75822226156481	4175.341329457168	127.15196702382994
8018	133.91425081372262	132.1392516665161	3891.702257275582	93.2145199149847
8033	68.68935348518659	86.22153679881245	4659.815248444286	46.310930826626716
8049	67.28540363138542	44.85072783306241	5152.717600708721	89.92273969296366
8064	72.80048025788739	132.14658948406577	64908.28510152143	196.88375951081514
8079	130.74347969088703	133.39734939292072	130066.47595986185	0.0
8094	67.34465587703977	87.92040441062301	6980.391235273192	244.7612725892337
8109	70.74241814531386	0.0	94186.48247264043	85.85559891101904
8124	136.79812295436858	262.15307812890035	220199.13516261076	84.89049710720778
8139	0.0	0.0	142306.27225110607	42.652510449644176
8155	212.3870874781441	141.73036811292172	2504.5006964759905	180.9841109006107
8170	134.08307819388807	51.79946427021176	1668.741331063211	139.34181989729404
8185	0.0	101.06602513333783	1758.956676180223	47.26393937570974
8200	66.81865878410638	195.62195925682784	4149.92195076175	130.06185549087357
8215	0.0	43.89125539659988	2936.6852875404056	92.556784632802
8230	147.579600353837	88.55303768929095	6723.109503671153	128.1373513576761
8245	0.0	87.98488468050957	6212.598413076437	231.7094795767218
8261	136.26302591792307	87.73382504537702	1582.9404497666658	42.59935549164656
8276	68.13093647785485	88.21015631765127	125917.25733988808	138.29970373604448
8291	106283.58711227769	124155.68498861753	1082320.6776576804	5404.619280424062
8306	325247.9186764172	277344.30981306464	281175.01749533997	139823.19297048688
8321	483.74620852790775	512.2823247199506	934.7237799361349	181979.6918190222
8336	496647.6407705306	1000403.0963411237	324462.15643709636	763.6870750945807
8352	453339.6509147039	837891.410709958	75065.72108607211	586107.1903920951
8367	434974.8925615311	845440.7950517992	388.32464333139364	484553.3912103827
8382	244495.98431087143	3820979.435254855	553.4345589659875	513541.8313873224
8397	292152.9450771332	132.39419790185988	403.79260302125476	494241.40974632965
8412	245347.515260787	97.37535493467003	1313.07595602572	2141485.8377467464
8427	673303.5280011911	90.57001494169235	1790.2282337805907	644089.2503637541
8442	1047922.526199428	44.69288378028665	783.6347167544068	87.57634425879456
8458	94.22385166790336	51.93679267231375	509.70381862074134	98.08020596206188
8473	149.47272012010217	102.96198378196918	604.4098019796611	87.37054335052147
8488	0.0	46.2216110858554	1595.6174446960958	87.18574974909424
8503	78.94073763744906	86.99128064344637	713.1662374195644	215.00779627331067
8518	217.96356231037527	90.74505814637989	641.5626193862781	45.444751329245044
8533	72.2932476535393	87.55961281349883	897.2244304697961	129.56606278742663
8549	146.9788105264306	177.8403933466412	2842.4480084945217	44.52546070917044
8564	0.0	44.201524495743215	2779.0273636679813	129.00734189718963
8579	146.6403353177011	0.0	8846.870438355008	163.12358703095467
8594	134.7739466712624	87.63354555216618	33067.16999837429	0.0
8609	212.57466947838662	183.25350755050778	197672.7899594294	174.10638722810893
8624	131.4608540533483	0.0	48871.55759991783	45.549478725790976
8639	69.71006949353963	132.07437868863343	5618.823448788075	232.37990300792734
8655	132.39909583747388	44.1771522741951	7997.075169555711	87.29335451254622
8670	0.0	177.12463322926314	155527.73721812633	102.40386922230944
8685	245.92542907880153	87.83602965862491	181991.85263285963	52.147686817198995
8700	0.0	94.83844399357214	193929.6149065316	130.85198431853672
8715	134.72945416459814	133.04168213501572	93344.21009531061	85.79882833664306
8730	0.0	89.64715745572931	939.8294036345001	172.76566643081605
8746	0.0	133.28184141302484	351.2652628993988	45.20305940737482
8761	140.6697453129664	51.93213143443223	852.8504358574746	45.46153656642884
8776	147.74620445240288	114.03468777984381	577.230670509492	141.85264711320866
8791	71.0166959120147	101.48621591933072	1026.7350254653397	129.80082262828944
8806	0.0	133.59353600505273	789.2988563938999	93.74128627181054
8821	208.85797366127372	91.97732511527836	591.6279203416408	86.19880763795227
8836	68.35578395843505	191.8256900718808	662.9346646144986	131.9978296098439
8852	0.0	44.68050719122868	102606.64767544072	44.5663771228306
8867	133.53141126081348	138.8077887135744	251101.88962718673	86.8966133668553
8882	67.5174664042052	43.75076453648508	56703.06914065448	173.07727339221165
8897	70.86177711220924	223.31304676656146	2431.16933133183	85.28476644358598
8912	146.52840647312811	88.20745278449729	1624.9015385422947	91.85503494825214
8927	66.56564176786691	130.84683922040742	641.7559718470648	49.689966729884034
8942	133.17204540014268	49.30513087660074	571.3835500757395	99.4417900703475
8958	68.38661861233413	90.84789182516747	1054.3475375241599	90.24021411285736
8973	149.57839896902442	132.30246224828994	165.29240955300628	171.1853333354369
8988	72.19611266988795	0.0	945.3741268872657	89.80427407572046
9003	67.7304198988527	130.2018405548623	72490.83343735636	0.0
9018	67.06889826944098	157.0620909981709	215940.65779617408	43.851956489328295
9033	0.0	106.12087053269148	4370.428799059726	42.976214802367615
9048	69.71329625606536	53.16569337982219	1055.8693589163058	93.30476138360798
9064	0.0	0.0	1035.0963464672861	129.31971682269128
9079	140.35045985400677	93.62259390715509	965.5211205482483	89.98020967727527
9094	298.74453918635845	46.96675695158541	4471.718732720017	89.15488356925547
9109	67.30390388059895	88.16865855902434	127804.87982045878	43.717239597178995
9124	66.88618169846478	190.3345847699046	138255.7719766004	172.71890834659337
9139	130.75493565796876	47.17310575172305	1699.250348024443	42.56801375448704
9155	0.0	153.17562143761666	2768.0532214048503	146.0748716550367
9170	66.92306276660878	44.99694395822007	2669.9572574166577	84.97516311940737
9185	133.54271107991227	90.47741439063103	4980.616771756662	85.43496753682382
9200	141.21141515672207	144.40434035652783	6608.192609716384	85.43505137714557
9215	66.8571971693309	98.02312326720916	184675.01282711758	47.89497860896401
9230	0.0	111.2812499668356	302218.89492997096	255.8248003628105
9246	67.04676625591702	52.703115351093004	65699.63735686541	96.4124014945142
9261	66.94928379580378	170.080511341542	2722.0634812116623	213.16230535760985
9276	213.53226649649443	54.914670035243034	2018.0238871278984	44.189595065522006
9291	0.0	163.41362146717498	58097.91682965355	3921.7328338116404
9306	91184.33830389807	110862.97668550342	1169890.6611057215	143756.3424934566
9321	0.0	5739.244727019109	7067.883316300716	4323.545027209595
9336	499675.3914617219	1011777.3352650745	212469.9102303755	605266.2707049239
9352	397615.9540951189	885428.2923748735	36541.23564292531	585047.0364410658
9367	470875.3461559797	887724.814078341	4617.533112440482	490714.12667509273
9382	444746.7194186675	4105636.3493176885	5719.188148645684	502944.935115739
9397	513299.8893482403	117.64210619774647	5985.019766627624	1741765.1012211344
9412	3151682.6324988496	114.31770865647123	235588.99393471528	799380.5481676563
9427	0.0	107.10251583456993	7847.277619163991	86.28581009499729
9443	174.3152366387844	112.39746437931433	90532.48726536018	94.54727421049029
9458	67.4578460677946	60.104397086799146	2418.435719764405	129.2474578460818
9473	69.96324032616336	105.41670370523818	1432.4496879233418	97.88392899483442
9488	67.09778486832977	157.19990182744806	2081.65004141652	173.817911829371
9503	200.42390462712382	120.23417531222105	2029.291080720583	43.59559622624889
9518	0.0	0.0	1001.4475085983424	92.56765310337767
9533	69.58193835781887	166.18215099996888	2537.252355779591	160.88991320433095
9549	66.59625800013542	54.922174621373415	93000.74561062352	48.37360986102838
9564	135.6375754989311	277.99071388512385	736.8790623710956	128.817246742174
9579	94.77276336923242	0.0	922.3167198676105	85.80157490259968
9594	0.0	53.269264161824246	7529.894780535018	91.99833670367487
9609	66.18853629469872	104.51920610368252	112091.92039004793	44.50700125717558
9624	67.5650643961737	190.41357304705306	115945.35565724013	96.93085411852226
9639	0.0	121.1823184671253	7010.534413717765	0.0
9655	68.98553304553032	0.0	8396.144274298846	182.15966718137264
9670	0.0	55.11385524883866	66935.52301143386	42.95037276515737
9685	139.34915830769577	159.49491166574882	61231.9597423293	43.17728182708844
9700	146.57347582407294	110.85706914201378	5159.462586945574	132.02518005736636
9715	0.0	170.44880405064671	766.4187608925859	143.00661839544307
9730	201.8121474320395	0.0	341.31721875667574	129.82144201687072
9745	69.51056190832983	59.24240984969772	953.0632567256503	85.8961686277017
9761	0.0	54.005616391412914	2246.129636559631	131.5375846007187
9776	219.38622501458042	173.91978480320424	160643.43341536366	0.0
9791	0.0	57.08277092381846	138733.0240128722	90.82241175667383
9806	145.83006746422498	158.59816438062114	2806.2618784221354	171.05170353474097
9821	133.05381081014872	59.33535363000352	407.39894161955453	130.03694762794765
9836	69.02719710997772	215.30916363690048	1198.1195368599144	144.58186233163812
9851	67.8026212862134	55.0321371524781	985.3495944218337	102.73847502040677
9867	139.2806069664657	178.46197972901166	1384.054478424005	94.77730910338461
9882	0.0	167.73729308588895	1005.2651732432844	87.53656724018975
9897	0.0	52.76883576281369	456.4232660766691	87.41837638501077
9912	344.2659581202082	119.02257127566263	1098.5692250267787	85.61413995597512
9927	0.0	124.35364764977247	22101.887590887593	85.82229733274318
9942	277.68627156084403	0.0	213230.44583013398	89.65310461968184
9957	65.20822078883182	105.68252116143704	54234.19560164575	128.37325248621406
9973	208.235566840712	155.2854919552803	1952.998960507214	44.44194346347358
9988	66.09715042959898	0.0	4014.4177942849133	141.9214615914831
10003	145.6264833885245	176.7843680933118	10916.221652493778	86.63302247047424
10018	66.2717448714003	105.29131296169012	180276.93250390008	45.86618255357258
10034	139.22522410869598	217.11526108056307	68538.7435451299	128.43305063753854
10049	65.52262114148587	160.8999752774695	2685.136877960432	129.0465273751784
10064	0.0	53.54970132395625	2328.0321886837487	130.25571933672296
10079	66.29025094162672	57.429055046145805	1537.7164162410422	85.9380892348662
10094	134.17241222172976	54.43449731473811	1777.0960024526712	92.17418547919951
10109	0.0	260.7045970596373	1454.3885795380688	130.45931694289203
10124	72.5813401915133	54.123361558206376	1616.1995335338825	0.0
10140	67.1148184370622	101.37345901924185	1847.4581352089858	216.0807491071755
10155	139.00866137250327	141.96575674563644	45683.256710878035	49.747607975131835
10170	0.0	89.51414746791124	182477.9488397913	97.77404497174547
10185	402.46299376888203	0.0	65120.14789158702	128.7784230931196
10200	74.64203467292245	252.0824316334678	4951.7439594040625	43.166983712827786
10215	0.0	144.710767583549	7587.749011314117	132.05937260555103
10230	66.9750753557682	49.352376777734605	74307.36817129164	43.392686964683236
10246	0.0	108.06938563350587	66520.46931707025	45.13471072420478
10261	0.0	50.4945848590834	3391.003362027407	86.37016091713681
10276	138.42651151652447	150.30090631151108	4127.834630373185	84.9759329262469
10291	65.51726584039629	92.33320355564356	3176.0027771100404	129.37912790693343
10306	0.0	0.0	63792.68666761062	42.8488445684081
10321	202.5390513794124	139.29226573684718	2545.9709865802897	92.30742980085313
10337	0.0	100.59315928977914	192105.8517641543	86.32247305785306
10352	55336.3035271272	65278.76779666572	1176297.9604600163	122614.35945562889
10367	74368.54498170876	68836.24481114457	85847.38867184219	274817.7994622177
10382	296445.6967855171	167475.51124871988	183036.95196862073	540.1533136795274
10397	208.02353016100824	190.8755356563814	516.5534152638866	170.5157595038414
10412	397.41363843864764	776.4448627579584	756.6738590053842	930.6372263808548
10428	385756.3516152281	971077.2308958304	197585.45023906822	595170.4775297882
10443	478059.6148432261	885717.2862901976	30267.039536773926	512676.4079819829
10458	507252.1414165921	1044930.8251260155	764.8973902501166	498967.75595643313
10473	525867.3226513744	2623079.402997375	1570.2144003534688	496037.0823122339
10489	649888.0743859744	47.42714988961816	7099.776512213945	3533091.5244154828
10504	728702.5190969943	151.34904692491517	280065.7506759572	181.34325611326844
10519	359092.60359430744	92.48716393889859	4027.134101306443	57.32842135409359
10534	0.0	144.38409350227565	5920.6589410241695	88.20049533560872
10549	157.87199728391133	164.19392628282307	8686.050836008786	90.07892021117732
10565	66.08065050840378	156.2270053189248	264818.1194253222	86.66259445631877
10580	234.91805765133353	102.85633111593313	104195.17654808954	188.29506177695467
10595	66.34709255799652	105.27385979055427	5723.5195804587	0.0
10610	0.0	87.4288953028433	268943.80257788993	173.9247610270791
10625	202.61619266458322	89.9786486726068	281947.89127935155	85.83394566424191
10641	0.0	111.20847548000515	47264.90947895139	88.39793706278317
10656	139.58766932029278	89.25049272174016	1049.3465820720792	85.6204061016254
10671	66.35280135460198	142.41313939833083	1296.3691560202094	169.69985953327267
10686	66.41722165508196	88.51401185877621	1139.1013119381014	86.13616804116405
10701	130.95356991827487	153.30029374291655	7785.242310403323	85.85346594303846
10716	0.0	45.88112373684067	141704.93671510371	89.95231850392184
10731	138.8538659735676	44.0632373891864	242252.93501884228	138.67968125007582
10747	132.91796157509089	102.70957763392478	3422.717421284993	102.6257182652969
10762	137.95582439422608	151.59930056966374	5513.642140469551	92.2364521187637
10777	152.29396065870299	45.497611950589345	4627.349740634747	87.60963113479316
10792	71.64924196342471	93.23006639180704	45084.610308425945	91.46115480054169
10807	0.0	133.4292154168943	95839.42947866328	135.2995162703097
10822	132.55743151380682	193.0447019585967	6505.594180500498	133.4328907605959
10837	0.0	151.10696593034083	53905.84602007955	0.0
10853	0.0	50.63205658210441	166302.9438265831	129.9987163302116
10868	67.2707479289174	53.589739639260806	155005.04123014983	0.0
10883	69.57979234218597	95.65855398327112	241587.2298509289	131.80237199675292
10898	0.0	47.0665166948596	1039.4868003462443	86.3466562256217
10913	66.15295708924532	44.399846617877486	1373.1390875665468	132.03450983616057
10928	135.97374302476643	96.68171954914928	1966.4392242908477	46.26759630590212
10944	0.0	94.39146137833595	10314.551405444447	86.5374374495633
10959	305.68003922045233	94.99021391484887	2070795.8530581903	21997.91850986659
10974	135467.92533605956	155498.6938781284	228202.5088129401	445021.68383001274
10989	526.4056599172019	4795.87998344514	4570.217294537206	932.1741155600967
11004	511801.7031764771	1037743.8766331351	321425.39235801547	591997.1653272134
11019	462908.89234634006	853855.3531484272	226263.17497798102	500955.1730761305
11035	462658.13903976436	868996.9151514735	5114.24282585273	492078.5489269666
11050	544701.0673626541	3325411.617990799	4929.999897418544	511168.9487733577
11065	625625.9981802272	200.41895166814328	3963.1736661774294	4081732.1170071308
11080	2457428.0005296944	143.1425711317174	1613.800604758822	11156.75159953612
11095	136.96836367070674	44.85187065177597	1690.3626425421235	45.75398472695146
11110	141.9372318155039	143.33642771020533	2246.2964862659574	93.16682410091161
11125	137.20562718330882	48.18028822917491	4470.091552629555	130.03568009876648
11141	0.0	156.9758271332318	15238.898488416626	93.34125889243558
11156	68.62886811602861	149.1288386072265	265667.38773681223	173.55668875962496
11171	71.93641862535384	48.04539462956134	259747.9531119112	89.41249428124166
11186	203.91404805093538	148.47399262040386	24531.31238250044	187.2636217509024
11201	0.0	178.00889810275285	20708.05659991903	43.280953082386404
11216	137.57403276801108	44.519569868370894	12897.479824356735	139.5627822375018
11231	0.0	143.25205276784487	144502.84667084832	128.98550416562242
11247	135.41264985501766	44.052975972932764	278232.1676440663	0.0
11262	72.88084152595606	94.2136278796941	134826.04838580053	179.30117585657163
11277	134.55458968162537	132.59840270653365	2927.364107360807	0.0
11292	0.0	96.09538160691038	3611.6773535467773	129.58508797294928
11307	134.09066307544708	87.87082130653783	2269.0493903076554	127.99032685917803
11322	0.0	43.4663721320359	1039.176993317334	86.88088371038437
11338	135.32391676115805	176.43484846383333	1696.1431650907361	176.15290400445463
11353	66.88373254931531	96.0615772180073	70343.13900148001	0.0
11368	136.7909541723132	88.47159954527393	270666.9497336587	151.66600058674345
11383	293.5416336500924	44.41175159290433	112758.62159023684	175.05653457596898
11398	75.28949548366013	0.0	12862.220285530679	129.80560340381228
11413	0.0	191.8726020505093	60107.94752375476	0.0
11428	68.27385956605431	134.99466648624278	2991.194461720921	0.0
11444	0.0	97.96464687222615	93574.08632281504	86.51000574034639
11459	135.99365625165402	0.0	120869.19486835609	44.4715834261477
11474	67.2358661977388	102.73769155734219	3360.2235504829514	87.51983945705928
11489	71.18146277169697	89.43239301789552	5185.196729707681	86.55329656749964
11504	0.0	43.67751915512141	65154.42915169363	93.58043803211302
11519	133.96573955193162	189.33600716769695	74126.73355759488	216.2727327284636
11534	67.31371998729185	0.0	60053.38495136306	0.0
11550	131.83912007331847	265.82091206811367	1860.2660109392925	130.70769559734967
11565	0.0	132.54527344054543	6318.85002949521	43.23095068819355
11580	20092.39503510643	18799.6364211069	1978688.180277764	43.23095068819355
11595	342661.34632421745	465118.20887239004	523593.67249515484	392605.8019342334
11610	672.6304393567517	706.9328268119693	365.1966332748905	707.5186474940925
11625	479028.076221145	1015005.8997758802	298103.55873543816	581109.909002148
11641	417666.1739567581	839186.0584318935	90126.8295517806	487389.51982048986
11656	440434.9230535078	837572.743851634	1271.3568134728075	513749.71291323204
11671	555816.9023697855	4110210.276130318	1842.4005087211494	507340.951003365
11686	482721.18353513244	89.58159352932125	637.1933627899735	1974643.1720094595
11701	3222896.686908624	151.78171677256935	916.1085456303135	777539.1161308379
11717	0.0	89.4066047376953	403.0825247827917	130.077694103932
11732	310.7224538913369	135.98716399715747	1398.6526483144612	49.71538898037281
11747	0.0	51.61552292779088	1523.7755307402833	42.8092622364359
11762	139.25366881784052	164.0334708491061	1548.0431400764735	178.43374089440331
11777	69.31024509817362	53.5580150695052	2025.3072068532929	97.37984316498041
11792	269.04227981194856	98.14833377815783	1871.9868287318386	86.96248176827095
11807	72.85858839446213	87.07931796485558	1546.1477535894142	85.3803877258487
11823	0.0	142.78059522128663	1455.5018977739478	132.96109306470026
11838	133.35728208065032	43.96704839344602	1947.1530618638733	91.02050073913298
11853	135.06560413369908	220.06028254197446	1531.3395331262236	86.5518319964502
11868	143.71758487991988	43.76651497882791	6340.181698027924	128.0265716984868
11883	0.0	187.70883181568234	198163.16014120082	173.67738407764583
11898	67.65646490242332	44.04518491359893	134495.41279761656	127.84328260699287
11913	134.49553108870984	132.77047074437144	2791.2723665875756	45.46009834849741
11929	140.5455137694627	93.1288218203932	8615.308619853406	132.95804880372248
11944	67.61259510844945	87.54877491840162	3223.514838717562	148.91545863241888
11959	0.0	43.866404946446416	6789.988909339072	47.53471562415361
11974	138.82198213297875	89.54938675758429	6050.69137506187	140.2523285242729
11989	74.04213712254074	93.49738541359082	170801.80465828304	42.82441246594303
12004	67.04178672043606	89.24797260250897	65186.35467534243	86.31760376980529
12019	0.0	174.12061498437077	2843.420068615367	91.0067261372041
12035	0.0	135.68579438880084	1893.474738677498	0.0
12050	0.0	44.7710353193339	2090.6807102784514	139.12072787430603
12065	135.21430734172463	52.303463188558815	1066.9137007496506	87.6541453651432
12080	0.0	0.0	759.305437940969	129.27749229446056
12095	138.52227779477835	96.34821272492408	503.69431659579277	85.21680568350479
12110	73.484336810112	88.3153238388896	628.5056159498542	43.84460068000015
12126	67.31469825206324	48.14428667596076	819.4277529821265	135.55720271743834
12141	66.70235360803082	177.15157168552278	404.60070038870913	129.99723049476745
12156	68.38580497551709	133.13921464700718	900.3008226854259	43.04667281025555
12171	141.3634731862042	87.39493244066834	1145.8169984236358	128.27430459688884
12186	0.0	131.18025759100914	1207.8065303426981	45.05046995263081
12201	134.91969387054442	0.0	1317.6716581008584	215.28345034094528
12216	73.80898731775582	176.24261119797825	2787.4421855372984	0.0
12232	70.76553451046348	43.460536205200476	107828.49521593587	127.67054308859164
12247	132.00033338352105	132.70897642549127	46451.64126398402	173.70935425208881
12262	0.0	87.68919154245407	738.2583167347312	52.86929038907401
12279	206.29140852328854	87.92140568048693	823.4088200565428	99.8408585726656
12297	70.18884297251701	132.330471367361	724.8475768135952	87.3030375804752
12312	65.72876069307327	86.79223985411227	4034.157534917929	87.52428439558484
12328	136.58855758387597	133.5104133305652	155922.4406835448	135.6180164660141
12343	0.0	92.96852964503691	29171.089912952422	46.77406430184376
12358	66.17830669705756	45.91001083939802	633.9723615146941	91.84312628656626
12373	137.1923648976255	49.461925461473875	1161.1172955476493	170.91956182718278
12388	201.35761259900406	219.47650930341334	49599.57710483681	93.90085623661987
12403	142.0544233725965	96.24312214474193	236314.025689171	129.7151207651384
12418	132.95617877632378	89.46598115269094	249554.23539021914	46.12291658956558
12434	0.0	175.93910008158534	39686.362288917604	213.5960855911253
12449	143.36739094701596	90.33361179817467	4409.448392159538	0.0
12464	68.49325926815159	43.986496019172485	6150.113240262642	171.89193383157254
12479	198.84367504179943	88.43032806247473	6096.950100171603	84.80844217218458
12494	0.0	0.0	5531.126905535697	93.79803931692615
12509	196.87465722307564	222.6603338571731	5206.503653870673	90.49444331385195
12524	0.0	43.751108503341676	2203.4186838269234	86.5527556517534
12540	65.87175745368003	87.84352435424924	57998.16049155914	183.66317598098888
12555	129.99967142932118	0.0	49354.00962453335	88.83997608236969
12570	206.98598733565302	180.57162715610116	1839.8132578247971	102.44652752132156
12585	0.0	44.00200223373249	1461.0683260005712	97.71638539139181
12600	155.73697957444935	88.64070153714158	730.7210173700005	173.46750930832698
12615	147.5144509540312	87.65653976909816	1051.9601529322565	46.27218419859186
12630	147.11104902911	134.42173739338293	77369.51372502848	42.684820584263655
12646	0.0	90.83110751895234	154224.2997450094	42.759587034992876
12661	138.2640467233211	101.19455734980292	455.27743098149074	46.10316297219135
12676	0.0	0.0	1592.1199994784595	189.28918162900953
12691	204.16952975302934	134.5385512366891	2774.791020055525	43.46857644483447
12706	0.0	87.86360238444992	76729.72944232108	0.0
12721	70.7799233816145	91.02400687698275	66590.59797222882	218.74880720356015
12737	130.73259513378144	89.87560501422733	2604.0051510334015	128.70652070756537
12752	66.27252764478325	241.70973944000434	8112.639492671043	144.30021122034174
12767	258.0123444746621	93.01183748692274	227981.5732428741	43.53556792669464
12782	35487.707058855565	32930.00251067802	1565691.0413645462	76430.9361775426
12797	470910.4236169481	456009.8983487187	514066.1695047976	7546.628775310889
12812	353.46166584119203	1296.9346699109394	1395.5791622724385	547528.9484301148
12827	363084.3434138843	848184.2671072567	67699.07899477481	512922.3981219477
12843	232682.30377948523	871546.1437544703	5499.2673381620925	513002.4603534782
12858	174060.64663044154	4610509.846329868	75601.57435199557	528396.900396428
12873	218211.03287956392	77778.96125583845	2893.292927730084	526004.8263267258
12888	219525.12266142928	0.0	373186.7229798111	3239184.1801657006
12903	498195.1224398394	194.5633441209793	93643.95910662164	140.25209117259362
12918	3587428.082680011	93.1294197684899	1942.79355305247	46.970768589787184
12933	41406.342111552134	93.875581638515	1975.032875530403	136.1130392904114
12949	0.0	90.91320663065649	1061.3437039285898	46.79848893897608
12964	67.72219663381577	110.15281422901899	1562.5497488285414	95.3656406858936
12979	81.57695468306541	217.06112923527135	1963.0984712215882	97.7668830615282
12994	199.52295309658626	50.97397897540591	30236.26550504808	89.08665497886949
13009	66.45771444509737	95.05980039482937	239817.35540852742	86.8594029262662
13024	137.60864332839847	139.981324844677	29385.363367982973	47.90640084868297
13040	0.0	136.5113326819986	3699.2972060375287	86.14670276936144
13055	206.87039100592958	144.68979731351135	5639.081449448094	225.84028276666066
13070	67.02291812734678	0.0	39825.67384016722	47.13339807145297
13085	66.60470635816455	222.8268842251506	30736.54668321133	91.73292081703431
13100	72.10874585747719	46.118357994817195	2210.7586354807295	141.81388502493036
13115	0.0	189.826247608345	70573.43219740996	87.21186533130705
13131	201.95311459712684	0.0	58584.081785571856	49.90706772837788
13146	68.7748775871098	136.92707711759024	3484.6174195555504	146.9203085080348
13161	0.0	47.188637428181245	73499.0364025239	0.0
13176	422.9834776495769	143.88379630136768	148985.44621543883	155.6456166498363
13191	0.0	92.581823243713	6768.800299855023	144.77376625244972
13206	120.14773732185364	45.71019478768576	3555.635931213498	51.64041943271644
13222	0.0	94.89157582701183	2804.4585727206004	142.93868901700247
13237	69.25300394641235	95.71613816054538	69577.11327939789	94.46882050911896
13252	0.0	184.18475176138804	37120.37413545491	0.0
13267	0.0	145.47490122020247	1046.2070529231758	90.09338056999259
13282	73.53789226099849	54.38598108980805	168365.57452989096	94.83233715282753
13297	151.2883980128728	53.56121345121414	226956.3557549184	176.7585519913584
13312	0.0	94.5339141871035	43279.79204563759	49.74391565481667
13328	74.04286810286344	148.67285552322863	6739.462915061545	141.8507852736348
13343	70.89706445664167	46.66355480819941	8462.046140961349	44.906776329874994
13358	134.0271379685402	138.94970089376437	5190.691452195217	188.88805791415274
13373	0.0	127.28658788502216	2634.010238715569	139.63693418464624
13388	66.56406762009021	135.50039062249473	111785.33931554967	43.423369804769756
13403	77.49527558516711	45.088727100491525	163671.71714450791	85.58151288952678
13419	69.67135377645492	92.93620205597021	6200.023317882233	106.6093154777959
13434	73.86100546829402	138.0603775117546	1497.2740731495155	89.79506922133267
13449	137.20687218186447	182.56774696489796	89340.9896533475	177.42967985870317
13464	0.0	0.0	294705.7435002862	86.46794475498609
13479	131.6784462198615	235.85187338094693	36059.64949511295	159.10606469884516
13494	73.30510420784354	46.1301300463127	6659.374002093895	156.28197526874487
13509	135.26619043298066	46.106616982379926	17079.893357499874	153.53743631595745
13525	147.70000318743288	138.36181732457132	10142.454870713382	0.0
13540	45327.0606489388	44292.798159736405	1196659.2895426885	87304.61228721683
13555	490079.5712947557	453179.17126752425	501077.45006728836	327735.51517775713
13570	466078.7384758334	684.2372137963772	565.6289941937243	1415.0087929624224
13585	478418.6813898682	1036813.8790158634	153481.58911846115	607625.4261279893
13600	476014.5709040014	880923.2294666211	5274.099284065291	515905.1398444981
13616	538412.3139577623	3873869.2994873957	37849.765256378516	501297.1693602621
13631	538318.2280357969	45.57219126968644	149478.97159329095	490998.1915094625
13646	3557823.1998708053	348.58039684563875	9321.234451011847	1989165.033442577
13661	187.4996419902239	140.56211524339858	5851.02505308779	871116.4171978355
13677	0.0	0.0	38832.25305613031	42.69382258507423
13692	140.0689564600587	137.2427888934268	97400.72630791471	137.19419649916233
13707	77.11088234537746	95.24705630213022	30150.259101106523	45.090395605638626
13722	0.0	45.95997462362051	1133.4193086516111	204.23270166842266
13737	141.18054083168508	91.14394906851463	247.39391367359553	43.54564484219532
13752	78.21343482613564	149.24062590770424	1861.6141482773426	130.17918532479555
13768	72.10116664633155	98.25913342899644	2682.747010064125	44.24739964645356
13783	68.77329448632896	96.13115596730262	1319.1376396689193	148.9686007595854
13798	203.3112210248178	88.90933341532946	397.02863307856023	271.0030568104703
13813	152.80857110641898	129.6907317785779	12128.679605263278	49.98071414389182
13828	0.0	134.91879354832693	224752.70905491145	97.59528852373361
13843	0.0	43.86125298711937	107289.80155908114	142.8064635889884
13858	75.94949233755469	99.7566289767623	7885.727267559785	43.503555323015895
13874	0.0	0.0	1771.6526753157375	185.86927137840541
13889	142.81538707464932	151.49949346227106	454.22215159512126	96.22683544278145
13904	0.0	0.0	1152.6168457753956	131.9034525261959
13919	137.01013929013163	90.30624345648103	760.4632169902325	89.80089366084896
13934	73.60855698322877	87.5130021322798	51528.02373631099	44.55477765903343
13949	68.2290664935112	138.10356318578124	221626.38513010557	159.46369152336382
13964	70.13040912180207	87.28828505541198	40662.35258657577	175.01239614833148
13980	140.84509889408946	131.87792530059812	2337.228210829422	44.26900660280138
13995	150.32305857405066	86.91864057538099	2376.314651713907	93.62864398121833
14010	72.86153574877885	177.06953977832572	3686.8156602934373	196.3536476283148
14025	0.0	47.236706560989845	7060.613607369354	87.12488816709258
14040	289.77456428524107	88.13907006955705	66705.74642016242	143.1173741515819
14055	80.38024616610724	43.96614534739405	101135.68296372044	0.0
14070	201.0428818098083	175.8975317957066	40648.576316303675	227.70317927403374
14086	140.58560466642493	132.51634800106288	1349.998704199791	95.7744078848511
14101	0.0	47.58762743564788	1474.874262844473	90.60542510273866
14116	0.0	89.74116835228168	1460.927702852767	139.13223362725228
14131	153.80829692442902	176.48375637598335	1925.7432262229918	153.55351965690963
14146	138.92094643831254	43.447662797109224	3254.7396198897623	48.23484858289361
14161	0.0	44.374654698651284	40013.23931296959	155.3128891885886
14177	245.34031831383703	90.85555014014244	894.1677860364316	50.09022176489234
14192	217.18466630087235	164.7384183694236	1126.0026255387068	129.8594836736284
14207	0.0	147.94708835860715	146214.9776942621	89.13126605540513
14222	376.5657650180161	95.08339917682112	5409.171096052118	48.06781197527423
14238	0.0	48.87381173744798	1000.9055764287897	140.64510073408485
14253	77.43269399944693	143.6637718379544	910.9909233373264	97.99499536212534
14268	0.0	43.8794906950742	1157.9133463389521	99.08336625644937
14283	335.07923109456897	131.41197221242356	2241.4506094367803	90.11677240639925
14298	0.0	89.58725727035664	48752.87782638109	141.17065164831934
14313	165.24550931635312	185.50897783616557	229434.23094695856	89.24827916897833
14329	70.08524703722912	0.0	134101.05797763562	139.02996265143156
14344	0.0	312.42044709549754	6475.575576535688	137.22858709953726
14359	70.69927139233332	0.0	7137.835828413851	96.29673682302237
14374	151.5459587907791	225.37275491338224	69127.1482697567	141.70931023735554
14389	65.5023129001446	0.0	214415.6737913674	54.355606163293125
14404	68.3963742162846	139.01817659804598	157233.53986001672	101.00400499606505
14420	73.65177209643647	43.498027055100536	2613.6824871348963	134.31074535548686
14435	81.02087479520124	223.8068233956769	8454.834581319987	89.20871601012536
14450	73.68144254330545	43.8950469404459	11203.005999295727	52.57808687880635
14465	10764.54725311238	9368.957216378214	1449463.282852985	37203.30857938171
14480	141140.98791330814	160628.3733831404	211402.78965408	441966.5538295645
14495	1790.1429306556004	1109.9409370132257	2147.026433718279	1300.0390552876518
14510	479720.3336829936	923873.7317882887	2270.2129053096287	587458.5637574302
14526	515138.53480701917	882044.6006207948	2046.1974972747269	511260.19639616145
14541	549607.7170504276	1808098.029840739	36324.03835573772	498532.89921232563
14556	476618.95464728936	1619627.4110396162	84561.1480922917	494366.6336691977
14571	579010.8420536041	87.12050996951758	43265.93351516165	3851333.1966546467
14586	2093422.203430451	163.87375383015723	1892.1470870829653	142.15524515134746
14601	73.87963881395291	136.28662479034625	751.8087285292894	94.41680016882718
14617	73.39149711459875	90.2067858424969	912.6269069589907	98.97487964539789
14632	77.56159742698074	88.01745504587889	3013.229795051478	92.94118565611541
14647	221.93446162438488	88.42221164206043	3126.132750591794	221.50248541273174
14662	0.0	43.61270475099329	709.9958507610486	45.708972225929614
14677	135.3446791307442	229.29006809100974	1384.8231915026904	97.06826476857998
14692	75.95688492178917	88.47530231416225	2333.8088317859174	134.60388263903093
14707	78.23753534546123	90.10248623954132	249290.04418862125	111.65912493765354
14723	67.08473131276668	87.27019118039868	134972.1218831705	49.388376809726466
14738	137.11252467155455	177.52539945606142	6417.622330691498	240.92373384302482
14753	149.39944673155435	89.19070700551383	6143.37018787779	0.0
14768	0.0	141.3239961884916	7232.254141652398	133.21057302877307
14783	0.0	43.556263257307	5347.958789271861	106.37021073698997
14798	138.68238686978816	104.7939061146602	7592.127474741357	86.48121026777662
14813	148.58883716133423	146.5424194322247	64928.297605894215	180.04825157523155
14829	200.97710785792674	0.0	69228.3116747342	49.60194228344131
14844	0.0	93.14389599191956	50795.64951500416	88.06957008572296
14859	147.1294613395538	89.10885288082063	70436.15805894116	96.87852836564183
14874	0.0	87.02338948138058	202491.25554463742	171.57667826855555
14889	71.39435051253065	176.13984877036884	863.7121180695108	134.81793889474588
14904	0.0	91.0496843055077	415.02504419721663	46.18313009436708
14920	361.2366046451032	45.63838000004645	872.929321103287	180.0275792286359
14935	151.70213907413185	131.4973593994975	398.14097234630026	95.36352910545655
14950	71.777269179672	44.95353188020177	907.4819533585757	0.0
14965	0.0	87.0370133677125	394.32297598286533	128.36184836930596
14980	0.0	137.24412289376838	902.840931565091	134.33970093615352
14995	426.87532536603044	88.46999472677707	1396.7964355414454	45.548772242912094
15010	70.70775162328034	93.58281580326147	85972.74198669572	211.8903936402686
15026	69.16745866835117	221.99327961150559	130734.88780721166	53.64406021907926
15041	151.70410872590728	92.13506809280254	2367.699037781451	46.53862633922603
15056	0.0	45.069973665899596	1857.5719471081907	44.5212843175279
15071	73.70219012327492	88.1596544617787	3029.7564799942825	89.81960759871639
15086	140.92709753176197	87.52702050313354	4536.377275662124	43.90252358292229
15101	76.15254067641217	44.961932287248786	4165.793087552972	146.04324854314325
15117	215.77559250276533	161.06819270655512	2844.9513529770634	138.23878689846956
15132	0.0	108.33097492840142	39929.58377584909	86.59391844123601
15147	203.0570310295187	44.3869939706102	163426.93591341865	131.00805980414617
15162	0.0	174.38998772433027	2488.674159445297	94.66873616145924
15177	140.9279558268562	89.79671107738278	2632.926233527064	85.77565722674132
15192	0.0	46.782836146233606	3848.400571782324	94.62227262293919
15207	137.90445483379065	89.33681091696025	3021.938248526864	102.97843847583049
15223	73.98675453381612	87.59429217736236	141155.1835609099	135.97049177288542
15238	74.88608152292669	136.02384289055595	112262.43600835383	93.70055695566349
15253	0.0	89.27041352592408	33993.692600587616	85.76117263588122
15268	140.81132890552283	92.1546787236631	6268.325360857398	93.59692806808278
15283	73.83700964927674	218.00423245523123	2546.475082760947	130.90383002087475
15298	71.93143071931321	89.6783811480645	63526.92669495363	47.54590731102042
15313	77.16511487788986	43.497084806263445	187135.38092357208	143.45366602241995
15329	203.08895494443362	140.83122482210396	45910.81586531631	0.0
15344	226.43641266387888	87.76425579045899	173273.55795831353	208.8087162822485
15359	74.72093908474781	44.02227981880773	163487.5994507066	0.0
15374	153.89375615939497	134.06468981634828	575.7780247394368	213.34536682902836
15389	0.0	145.14617002769376	583.3282669422356	95.52508510065265
15404	75.67318375874777	89.45128715412692	2068.997643098608	130.65994367871434
15419	66.86155169907957	52.28705085100606	2218.678341501719	46.50758793577552
15435	0.0	101.15183708623051	1843.8904013589026	94.45700158283114
15450	137.20283340275287	49.317381211915055	1560.6425630253368	86.4076924755238
15465	76.12813980281354	131.5510365839582	1803.5839710552245	126.97376164868473
15480	73.8832536470145	138.94467300129588	879.4713947474957	89.81466445028782
15495	0.0	47.405573130548	994.9667176267508	42.92543038556818
15510	201.95618862696455	133.7605276031932	243.96641456047075	270.6030349865556
15526	223.8482856717892	131.1370178548107	897.1164656397281	0.0
15541	0.0	0.0	402.60091205891223	171.42053464353086
15556	216.50795144793113	131.77005249203648	560.4324628689837	85.58262161917985
15571	66.76070622324943	96.87307998597622	1562.3402156913653	44.85063090771437
15586	0.0	45.100494965440596	400.0230759483995	183.69467782884837
15601	138.93146143656224	132.253752815919	589.7123387418687	0.0
15616	0.0	131.51761895843782	1465.8418136920034	85.77626651514322
15632	142.5662446350418	135.20261900320185	162038.59837348567	52.556762906075456
15647	74053.35534906617	79198.88653880339	1770090.2914376166	141320.82101450913
15662	490.66705501422285	6539.806503758714	8497.814023619703	3820.8137456379227
15677	44589.516336039305	1005556.5216855574	254058.6084048632	581484.9021956384
15692	500518.7129304558	832133.6956987821	318957.83686098317	488834.7296592413
15707	467667.7661724758	831908.769446912	2676.7274933719546	505099.0866161237
15723	451686.18059720285	4708860.938282322	5826.363311177696	506951.1576305755
15738	510849.7304996252	103.3152130805701	3901.1909765918736	551373.2916991517
15753	3798477.1705858554	152.04708421602845	1703.242424657941	2240010.2920805747
15768	75.47175647292286	173.68858734071256	2186.704183358699	44.32781051320024
15784	0.0	0.0	1558.307374843042	174.83378126699478
15799	207.0417180340737	46.738869365751746	2001.0705790231002	43.051184237510896
15814	67.89547358870506	240.82856171950698	4959.436952815056	87.10128263730556
15829	142.96729921859688	88.14472731715068	10370.807083774767	89.06853480756283
15844	0.0	88.65103733486495	208846.64548688565	43.15357951286715
15859	65.78928246736527	131.58751047906932	111038.5338858405	138.47507170897444
15874	133.1965928357374	91.74350985437631	4732.649578277356	131.72128118755762
15890	0.0	90.15664687401615	6497.904920513482	86.02534101154656
15905	560.743534719944	88.10372848828324	6880.746855254172	184.6447679482028
15920	0.0	93.32018678435125	106937.9852600077	85.70424651350827
15935	213.5294538103044	223.51870515255723	93791.49428093364	48.6879231894901
15950	149.63317728549242	0.0	15619.572869329155	152.6989825978875
15965	75.39978793111165	134.17879609626254	277452.13223312167	49.07097394375596
15980	75.44277272325009	132.15489666973707	277354.21462654957	47.33098333996255
15996	72.84999621904456	145.78176231249702	69842.4981862446	228.37649650461975
16011	74.83372761964797	88.8448580246605	2022.1563504523413	43.01962541829795
16026	74.07763245537878	95.96454048099928	2563.8163379752637	43.20155363505706
16041	68.28011809153017	105.78731439113616	2473.808912921492	138.87162551846356
16056	134.56360178403557	104.05379694137723	1053.9404972452485	43.1462956317002
16071	0.0	136.48307532797568	1317.8950095353275	135.14993713539093
16087	76.36863442415371	142.09500239565966	1715.1568548681214	92.7372580803372
16102	68.14875919631217	141.31930269055533	915.1848306881078	88.16265489012002
16117	209.43250731937587	90.43621172350831	1056.4920824830233	184.5973123996146
16132	66.42906001111959	88.4432927446533	1888.1315302784365	44.92241750435438
16147	71.73626759724226	130.64810245089234	14334.645425151084	95.06722010537982
16162	65.31525238440838	145.8334667046787	47562.14901857614	148.4210349664092
16177	270.2736480474472	135.09034758422524	35398.627268700766	88.9432430267334
16193	68.56246155459434	87.04006105266511	231964.42158764874	44.047690779184926
16208	0.0	43.8474173194496	49984.59277120746	137.86524741947653
16223	202.13774079433176	132.25193979597185	5765.769739201964	46.328366232384
16238	0.0	48.75994683355559	6717.767880069707	0.0
16253	0.0	88.33218875486403	97490.63902661022	50.00177934452891
16268	77.44685776359401	92.16804108932614	104304.18384695414	136.17699370220302
16283	70.33883929030505	45.148251177971254	6213.378423552379	44.29740811340045
16299	71.08267723558936	178.09203348312528	6583.5004053616885	184.2523336036317
16314	0.0	0.0	149230.04037945782	46.24192558676005
16329	150.88440294954927	44.58635829687118	93150.62839600345	138.87880785905756
16344	137.70165372267365	133.94424440078438	178389.21344620356	46.43596960717812
16359	27309.54348345887	32933.61940504464	1889981.3206156085	73313.52158562737
16375	450321.68966016767	479080.6792890511	509225.52622789086	6264.680552150547
16390	350.17760189564433	1297.3929030331783	900.8607312727534	489235.2615142401
16405	489177.78258603974	842343.5957551892	155026.43875802765	550176.8681976872
16420	571325.4920405316	886025.1195823092	960.4564469479769	507645.95298953354
16435	486954.57337517396	90876.96105908813	558.2328580100742	528461.8445494652
16451	1580717.619185643	147.56821634139865	236.83291845269503	524512.5077062512
16467	643008.1686406797	91.2006618851982	803.7786530744283	3022602.2578535005
16482	173.42784106500446	133.8609552357439	406.7225446252851	145.84911809855606
16497	0.0	88.97604818365537	402.3279155081604	93.8072375209909
16512	149.75183461643755	0.0	815.1679268033243	92.32844381079077
16527	143.74550067067148	133.26383440900594	6881.550652754046	0.0
16542	211.90733210071923	87.96731936560944	289739.2220168895	196.6569963574782
16557	141.10712459318339	0.0	194572.058322668	56.77649195157923
16573	0.0	176.25346113279463	5769.969097576737	194.89625144831837
16588	168.22456902824342	99.33944810427725	7257.806826893987	145.71208818996325
16603	0.0	137.25800924342124	7480.0646463472385	45.86706734297797
16618	68.03520836759358	87.64982544427738	7051.042731511443	219.03221924703104
16633	198.4803749121353	0.0	2665.6282676942647	92.1091364119947
16648	147.96752530902623	200.24701361009852	4865.877266166601	93.37075285194442
16663	66.3720288737258	158.73106282630005	61912.2730828258	44.51640011952259
16679	0.0	92.50950968760066	46108.910110988276	137.95447807566728
16694	141.58348815903068	87.94420466443523	2453.8209230204857	139.72213743114844
16709	0.0	94.40675950784237	3137.575294539034	135.60970583036544
16724	266.724421628695	131.17385482218583	2461.175865990743	144.38166361225302
16739	65.61358198273928	44.10536897823214	2443.8233061959036	45.572508752974684
16754	132.23176152642816	0.0	130826.76853260476	92.23320843681694
16770	0.0	188.38660842081532	121488.67409162522	44.43601416219026
16785	129.9540703868866	87.99366403232328	3394.1820032750074	139.5580426644534
16800	132.61972952902318	176.6618875707127	6438.662468486503	132.92047506455796
16815	138.1235052557895	0.0	3645.125597216115	92.96614590883254
16830	72.8235403060913	176.67082553671673	68057.13611251011	0.0
16845	0.0	133.50758793696298	61147.66796244514	53.23237883920316
16861	67.15812980383635	43.947299449592826	1289.0172454369067	103.76005426615477
16876	0.0	0.0	1245.907472938299	0.0
16891	0.0	132.09535262838006	10423.578887936623	221.46804834888317
16906	70.64948465085588	132.22541003465653	1278.4996377155185	92.13107720709405
16921	135.7533032566309	88.47812799623236	61962.81101493444	45.03329469823279
16936	69.94200398271438	94.98521169184707	72289.95313863829	135.21859473416583
16951	0.0	143.36012173698285	1291.3647187328338	46.47384509295225
16967	132.7127221263945	103.82379594086669	1861.1508393100462	184.68719830635936
16982	267.65143768949434	100.23520979063585	1713.4551580973716	91.21421495899558
16997	0.0	87.88974206514656	3495.597106062472	88.85534386899322
17012	73.71720589533449	133.2847321050754	10967.987453972502	136.58746050263755
17027	66.03767162221949	87.81533152610064	132936.14103739493	87.49227623850108
17042	66.12609726916999	131.81193634422496	5814.504648060724	46.114946641875434
17058	136.5288997659087	86.9261414177902	86668.6939908769	90.1984177606646
17073	142.17280927022918	44.015839133891276	45441.100053806	90.15420107067563
17088	0.0	131.57942490584685	45728.99914526998	92.21986991532147
17103	66.79254991225898	177.34178307814523	84967.20386441963	136.5101773342118
17118	267.0763401208445	87.93987183046528	7965.378319645757	88.48313099099323
17133	148.03927167096174	87.5775863892585	152450.08056735678	91.53932577358559
17148	66.40560516061261	87.01957057115622	6445.9083949708	100.30758917927741
17164	134.05492954473942	92.08860916727222	3315.7918625523334	160.29868535196874
17179	0.0	217.8473675306421	32309.64978260771	142.35282662138343
17194	79.09572656225413	145.73289221450688	85682.89421630264	127.97970961828251
17209	71.09084194571246	89.10822131772525	1023.5643892525137	84.35297075599432
17224	134.13276263505222	89.08131580743938	994.313859581314	86.50058820828795
17239	0.0	44.117948130508886	829.5000786217348	43.03479915956035
17255	222.44881145424677	138.31480081491173	1748.2523070012685	130.1513701848686
17270	0.0	104.0712790556252	1632.1390805011056	85.55777940857224
17285	67.36304490874987	153.56665545333178	19215.601944090293	43.32394123334903
17300	0.0	43.92771985772997	146408.8946632135	171.98400614948943
17315	211.69314475916326	87.67094711635262	20581.290651674193	42.942036102488636
17330	132.45589903348124	87.18917520123534	2463.949315796793	128.0898790496634
17346	66.05324698664714	132.47607217282524	2667.692704344727	0.0
17361	129.10846337288618	43.71705001054332	1307.1382364198566	171.2137416034937
17376	72.42910362610128	176.71141177743672	2142.221671546474	214.2561150098685
17391	131.91959045981056	188.47998325018213	69055.0155649746	0.0
17407	0.0	93.59023540659808	498094.820049687	180.361264574714
17422	78501.30724876549	86319.7531689863	916670.1234470542	141702.07052712113
17437	365879.4789319808	328706.5914783812	88676.77802908167	236088.3916524868
17452	266.2410936744185	1251.2953503878787	2300.9213967248097	592.4954010870074
17467	517036.0112366867	1020278.6905750667	95840.92528423337	541400.6195149594
17482	443189.95536100864	864406.7433070247	1653.3092433065176	504858.07227892417
17498	548861.8301520045	814887.9432920939	3383.9528164413996	505400.4334543071
17513	464745.2474570669	3540004.844160633	107035.68490013233	500596.0713140731
17528	421300.73430048523	136.7811503062723	118661.29059897586	2470545.8528931434
17543	2944241.649096437	142.94563448868692	6064.0310477477315	311505.1167451404
17558	243.75862075326964	0.0	17472.63610363964	215.98566325195134
17573	69.24530017088632	207.43362831875683	17910.381759085358	137.40300184625664
17589	68.00789721004665	0.0	174183.50018758434	43.04118317688349
17604	71.18089175166563	95.81455326676368	47905.7877300706	171.39915987044571
17619	0.0	142.41680728767068	7532.197592250259	42.76186557231005
17634	66.77782419277821	134.07605451643468	54809.38711204613	127.22765323775354
17649	72.65819910272955	87.47120551377535	195228.10927077412	42.81046953598969
17664	205.3753891736688	87.94331279890612	85257.72985259873	171.2568344192952
17679	66.43774902450386	88.37227288347668	3479.0245315773036	171.65983095651492
17695	66.5639069666341	87.30150499259122	1683.045911810808	0.0
17710	213.17144229155033	88.7661134263873	1527.1009199023247	129.78242901207415
17725	0.0	175.83325102519245	1442.451879311353	85.73808584908954
17740	0.0	87.51789319477044	972.2515139631739	214.89356221023482
17755	70.18423028873279	131.82329887557776	319.19815557321533	85.88127449140885
17770	72.47405868788715	45.743804291388955	650.8330183011293	93.65617662052624
17785	134.90265886053442	145.38955083749258	867.8129326963799	0.0
17801	0.0	130.42186882272364	1486.2928056009114	233.4416453617392
17816	73.96672841490246	44.14297623038292	41555.59983157515	44.086369882980364
17831	131.76491414785386	89.23217218279838	56815.72182153145	175.28472207991408
17846	0.0	131.9683243363816	2135.452431337484	43.829922583755106
17861	66.40612769315484	86.94219424729235	2245.884182625236	86.2950772676617
17876	145.8070783162117	87.65890259742737	1493.8290385845303	84.92440730910748
17892	0.0	131.62710535526276	11264.334723090868	127.77653339729179
17907	134.73497731810437	88.01656895105727	106903.68599653244	127.54861141123808
17922	66.6813152026385	176.41817850621416	63789.426341789585	215.99456897811035
17937	72.18431253899354	43.81104194071144	7020.158655924424	42.836328319637104
17952	134.77224960774183	131.73519249005244	62194.01204668348	85.76888496262953
17967	201.0390364646679	132.0260102323629	66650.81263757283	129.6952776195388
17982	134.2983734202385	133.11996187230574	18428.15036461847	129.4137745582452
17998	0.0	43.92514223385137	135400.4577138734	42.70811178176198
18013	141.3809687063098	88.49911029390991	179883.50295654553	86.01011669106782
18028	134.40422510216013	87.85570179497823	6088.548987013846	129.6064118149504
18043	67.16165866755881	177.00393837699667	7570.170887211803	43.987492608311584
18058	0.0	88.97510151478463	1599.1502254551835	43.41938844050746
18073	0.0	44.427180620227006	1795.947806937061	42.7471949212905
18088	0.0	88.22298431700095	1073.3890456056595	43.57575407500845
18104	67.12081712841987	44.026065305680966	1002.7295387005806	170.35893639978022
18119	79.21002383716404	89.00428032726049	319.0247413185425	86.68927428591996
18134	147.52997819714247	175.8339895194769	1382.184168122355	129.2353908961639
18149	0.0	43.84783680461347	1978.2851966976186	129.77247640756892
18164	194.26301821293308	94.25777730687521	2748.7032397136095	43.42173636531923
18179	0.0	150.56878530578223	37748.6096826232	128.56913648128508
18194	130.8119489774108	105.17657623297535	983.9913034464419	85.4367277728673
18210	0.0	89.96721594342962	5190.785018469765	42.916804065993055
18225	67.38636130644008	178.7044439522177	139328.05349403745	85.02457325544208
18240	145.10118269324303	44.53251136408188	51504.23601505851	127.91617089807988
18255	68.13687887467444	152.8317501352541	5220.435817405107	128.5063172546122
18270	66.74621563533321	89.13600374557078	2273.2148856439444	0.0
18285	0.0	133.04978436300996	11956.698937447147	213.78784540863708
18300	142.62229035206138	92.50735811856575	190643.39916084858	128.55657335355878
18316	131.76357321697287	0.0	22382.388284492536	85.56280212464742
18331	65.06218677639961	133.80376887023448	6211.687941470145	44.134724705331024
18346	130.49970661377534	88.32452015064656	48545.05682761431	132.00934331685306
18361	73.42013638086617	207.77284685689955	52963.2195515763	43.578121742834334
18376	143.7524448751565	91.59566047441214	1702.700871486962	46.79596421639901
18391	0.0	0.0	26826.929710745106	151.46382044487632
18407	27935.0154501188	26453.002729777247	2069255.7999142383	70835.89408940611
18422	490604.1514439656	472012.771932065	507317.71620466805	379524.48149131454
18437	2021.837157224491	7921.088812517552	13726.26530521296	860.1142149161781
18452	525.293220634684	1308.0082254337565	623.2245310900967	552025.3834909173
18467	435799.01706516265	881682.0019410192	59529.01046792799	523831.346346741
18482	520408.687683244	915381.072904408	1410.952709590122	518861.42737125326
18498	458251.2634428227	4988268.744697059	1067.1776100474642	505235.1094332464
18513	478111.41523189546	14868.78112122146	566.524354813369	494161.696334449
18528	3795682.6635221457	131.31519016850274	662.0766162449494	2596182.753303913
18543	12933.538250836207	96.62738592308014	431.19872877597805	88.40245001446456
18558	75.99693626979831	44.411817289092575	639.080018736273	130.90209467587061
18573	211.53636760883498	89.82089047729968	1061.286347893998	87.08647925099358
18589	70.88844089037273	88.16434545189142	506.67499219894404	86.26213158893398
18604	132.84390036382712	132.31470755953342	1106.3580947914488	129.61962083905934
18619	0.0	87.78904773367569	1721.057572196247	43.06436014345847
18634	273.0883193942998	132.1461123239994	1115.3722501078992	130.07643754722085
18649	0.0	89.12473250165581	2745.354038055706	0.0
18664	0.0	44.251054180250506	105466.07448010794	43.13388631790876
18679	0.0	44.63902949974872	3079.3592807848004	129.6316684057843
18695	0.0	87.79861979487352	1789.2045593192242	86.88457431808114
18710	159.23322255589068	86.78982491903007	2978.3586204725875	131.69584872303528
18725	145.1418529474642	132.59033427620307	1103.4382680073754	128.63576083257794
18740	68.5684566674102	87.54579448306933	3440.8120972117786	43.493858304033054
18755	0.0	44.398679107949135	1816.721924133114	86.61553051276132
18770	144.70109862319194	203.13560736134647	2483.8160399496555	170.62293641787022
18786	66.70069124683738	51.39853291149717	1868.031906470042	85.23980394940823
18801	133.06997188426556	138.9015272505814	13343.14207316667	42.43147766131908
18816	0.0	133.6334842192009	149622.24830957604	170.4418886446394
18831	139.6400875210762	87.66970794353634	3781.3882311205984	0.0
18846	205.46308703103102	44.38991745015141	3678.456848406345	172.139134279266
18861	0.0	130.97827194259966	6232.194723357748	42.61079199620988
18876	0.0	88.91491596911102	69049.39017681999	128.78979185604024
18892	214.28015122731216	87.0112761728093	237348.92298017867	85.03372729204595
18907	0.0	87.9936705338303	20606.373374399936	85.60355188159272
18922	201.5546086183889	131.260721943425	2560.3303832915235	126.23076396871357
18937	134.00100067639724	133.33161211510654	7831.653155422584	85.57381460729987
18952	70.8284232640639	88.08071570230648	5967.943918752717	42.448886358737944
18967	67.29678015743383	90.72547439851797	63522.95593735125	85.28962338354438
18983	71.54033977815881	88.05212952955625	141553.26211455316	233.52777759802993
18998	68.78483971498441	146.9313021633681	71640.41018306234	43.25108420653269
19013	79.9016810828494	87.64724196676165	188819.9069922543	128.42448153197768
19028	73.28118835449219	175.57807076644153	170965.34559327824	85.39771693864837
19043	69.57567597150802	88.02868415275589	4713.345892257467	85.11892953929491
19058	67.5484551371634	148.69464910087177	3655.122702141059	129.1502182676783
19073	73.44254612183198	52.986326183751224	2173.6669561198587	42.75180666366592
19089	130.8334988715872	138.91336518840865	1062.5875401047756	172.7150721520558
19104	65.50002767257858	43.84821460188366	921.0600880879769	42.66854083465878
19119	137.0864316218719	87.72298433784395	555.5595994032919	86.21521924358792
19134	0.0	133.58715314984323	574.8622841941378	128.7919321680721
19149	66.20165646128822	88.73869172507897	665.8338098317757	129.39977066903842
19164	133.22622490729205	99.29831642707809	1065.9588296343757	43.04233875474427
19180	132.7768684244156	90.06725639663637	1931.5287959001864	172.3637100224942
19195	288.8113571899757	134.84775517306755	105124.3764420047	43.232408952186816
19210	0.0	43.92736519708764	638.4007297551633	89.68423648625613
19225	67.15365298883523	131.44391404041556	780.6019016528036	43.900439124554396
19240	137.5543113732338	43.92306406199932	2351.5422740831964	85.94365093432367
19255	0.0	133.42029234842397	2265.5943495046536	88.45537506061606
19270	0.0	88.80124129600823	667.1084351707623	42.541497464329005
19286	0.0	0.0	83482.08836443604	85.7236866877228
19301	161.1270848864317	131.99582597828004	195371.89969499013	42.94936459467281
19316	72.31399984849617	87.83044501699507	58980.73001985871	129.90734359808732
19331	0.0	131.45622891167645	6774.058046142249	84.57980972453952
19346	208.4376581811905	87.89561285858042	8933.857797113656	127.90589825538453
19361	72.51599935293197	98.14030789285898	7324.825862961276	170.38586063029246
19377	132.43185856863857	105.5274310221523	1432.5195167905933	85.04628226083703
19392	0.0	95.67022454026156	53725.268445911584	42.4704430622654
19407	143.4482958314009	44.94602771086153	192419.90297785262	171.93998346576467
19422	0.0	44.30876265756786	117942.80437805146	84.99089031960816
19437	66.38050033710897	130.02901529621334	3312.0292502435664	128.1499235573318
19453	0.0	86.54284864028915	2302.4239041531087	85.4671524871979
19469	136.253461329164	87.84159260324202	2504.113442739472	127.7713647202123
19484	135.93355924847535	131.53901456137652	5873.624786339206	86.04490236513317
19499	132.6845114388317	44.06757192632183	6247.642669206485	129.19494778872001
19514	65.97531121104956	87.16355596087872	77293.25637886074	42.964260103167035
19530	542.0112049198151	89.08732197904028	105256.3932638117	85.76121446066536
19545	71.68577351421118	140.97631693339906	124449.09452178272	132.04619861937593
19560	0.0	44.91471849627793	2678.8470581381393	130.15962699397465
19575	206.4134481696412	88.1953678585589	4195.757763497363	94.92082584531046
19590	0.0	98.11847201137803	1251.322703258693	128.61879434270784
19605	209.43719616960271	177.61579500919208	2113.2200216885653	87.59095833901316
19620	136.70787748660894	90.34276495575905	2688.2375134129825	131.65716271312908
19636	0.0	43.84725065392908	1172.7240077590754	44.22059064085595
19651	141.32118192795664	141.2057877160795	3102.910880882293	175.56808367688208
19666	19497.785675506588	24087.15880987577	1245893.2271822758	56199.027385203684
19681	96784.0538632872	126617.69665979067	111888.00829513572	171255.85285953427
19696	338682.81915413955	200227.8544086191	224211.35699256114	69820.88902652173
19712	0.0	45.28661956712604	356.4274142360687	129.17008582626934
19727	70.72004877249711	87.92118262077682	425.9513623873936	85.53940303543583
19742	0.0	180.61812978256495	247.44395259198268	86.08049326127394
19757	615.0322041854449	802.0733918741719	909.8114619860658	1797.3293827995658
19772	476857.58425617707	1002943.543854364	75703.02577537792	72181.35528327752
19788	482133.4882558598	906025.0973664698	394.9463704749942	100570.97227104605
19803	428642.67719947814	1284671.255287961	1551.9411416190865	102368.69787186345
19819	422235.33883073926	2276861.155004196	963.3722838038207	149497.57888710022
19834	589730.1185156285	44.544037585286425	1634.876068605045	492300.31354305684
19849	2180608.1267236234	142.54194322973024	1278.5285320838352	494644.52037949127
19864	0.0	132.4325670637982	1436.5441065595626	517899.04403593973
19879	73.60516281455756	45.20331069902517	59287.04435100011	2483524.2857033014
19894	68.42659909330308	44.71091432607267	113555.87896760464	85.74014537234791
19910	79.4902328824997	177.03650050045923	1500.3679296985174	233.7144127417356
19925	70.610367989894	0.0	1804.6103014166795	43.101589928893375
19940	66.04182743653655	131.89845002491495	68446.20101326326	129.65899227172136
19955	148.12556273446418	98.34159791484475	104597.16358742164	43.122050565504466
19970	0.0	152.61591495070604	54205.30435055503	128.36832184606232
19985	0.0	48.234514990104365	3442.150402889587	129.12339581431357
20000	133.69610502610914	128.93799146197736	2453.9646070991644	128.8765911541879
20016	144.6245382718742	88.40138121291994	1876.8744127010273	129.2425591560686
20031	265.42588921636343	131.974659781605	1996.0484165212513	42.744899629056455
20046	0.0	44.49427831509616	22533.28691095948	129.33425247310663
20061	199.35579554555008	132.44332042492925	255533.18301554988	43.05362366256304
20077	73.01179766935762	50.46651133950334	137034.26608648253	128.481430837987
20092	130.49309900749475	133.7030702070147	6936.031580948421	86.18330009789206
20107	66.58086247469299	44.71806023960933	8011.955359218498	42.82556032405235
20122	0.0	43.85047457362525	9030.147331618853	171.27526316821576
20137	235.8300644841744	177.7950125973299	43362.39155397932	42.70313743547071
20152	0.0	131.90195180872456	145683.79751009226	127.65970734687522
20168	264.9294967922196	44.17803372922819	12575.616943158813	128.96114802276713
20183	0.0	88.2995039284043	1198.8460326431787	94.42807520995848
20198	0.0	48.288199948375116	2290.3172874161974	129.25746284864377
20213	70.64695600803941	87.91997298356145	6228.617842433229	129.07353755154648
20228	145.28865979723633	177.4063453049399	151483.25156059893	43.24618002153933
20243	66.192456150949	44.194898822573016	11669.420245108755	128.6388838149095
20258	73.45428543671966	133.84643405145965	41825.79363922188	128.46982479513622
20274	67.30012105913367	142.70721851663197	222018.26760777406	84.88290501239709
20289	66.1721850431338	178.52209790389986	487.9746364770457	42.67640995954164
20304	0.0	0.0	932.5695457416775	86.86223478053697
20319	142.79063885048032	101.14445233924314	1959.085597834643	128.2576647290401
20334	131.44536901622078	209.6131283844821	27066.016962213416	85.12474001952447
20350	133.1303121650219	0.0	243952.320025633	255.84935219138862
20365	66.22518783599138	131.467841360718	2296.9138815843035	42.65938524793833
20380	70.1606651800638	44.503277380052026	3167.853881036639	85.7782604351733
20395	134.37170370809733	135.27864014047196	5031.035316553787	85.64102687013336
20410	132.29937271091157	133.17305009812117	2081.2196338427066	129.02968749179038
20425	141.62440069437028	0.0	31522.24131915921	86.45721622942015
20440	132.32613238113933	177.74869283113628	41645.102222900015	43.14722702482715
20456	130.87433178901674	44.293585872612894	55449.5102655639	89.36775202236139
20471	0.0	90.44448256443255	132604.62267495156	0.0
20486	74.73764872742817	88.26933825015091	8233.312210919747	86.41414191126823
20501	72.25962465539574	87.42578986615874	64498.701858186716	42.590749870985746
20516	0.0	88.99499938622117	137068.04636889434	130.10229497016874
20532	133.3491628308501	87.59328690484166	2412.613206471093	129.15156197946055
20547	218.39948016558307	44.79939068330918	1190.9044538924843	0.0
20562	65.79768592406995	154.0539071309287	497.8528744179011	173.22730003872886
20577	66.0068872083258	51.01829402394127	1269.3925711226884	127.99783302609345
20592	66.29900448240805	91.05167648600414	490.0768493750878	85.94185946767219
20607	144.64820614862256	88.68929775411263	1007.5129389722272	128.65204060195015
20623	66.92478245258332	87.65229862512089	2281.244737073705	42.85648405748885
20638	66.41909284532535	221.0730534103699	2112.367205022322	85.21173825440928
20653	65.64989135768265	0.0	1059.8408284565808	172.44422315737233
20668	75.38737957749515	88.43588514556177	1488.7524301433562	42.890838585551826
20683	202.8338999645831	174.75998609049245	100879.35694133585	86.10559890059754
20698	68.319341409076	131.47813984380105	55218.63586893678	84.89420216275379
20713	29986.392230106445	33241.31858179855	1573353.511485307	42.87720270305872
20729	475640.9629782679	465809.5676440727	499003.67088339257	75821.30584213752
20744	716.654234758392	1286.1995802367805	1131.8961055629188	6556.298849724606
20759	475869.0488029952	858698.8244953459	75491.61577895806	543103.1356282368
20774	513144.41722938535	880760.7861622035	5158.590918816458	516926.3526882512
20789	492637.4248611116	4308892.059910882	23828.93410359614	505537.6004684612
20805	452681.8573985689	107811.56720065913	135869.239202252	499098.1092854759
20820	3177358.4696049504	86.89642966970801	82425.96986550692	2952872.4820055007
20835	166132.81673408902	177.63785870343446	8787.613023537844	87.22839250302873
20850	0.0	0.0	9770.089918792508	138.15383729696273
20865	219.61426772771404	211.52293477021158	231197.6063035598	86.02200619621202
20880	72.63373943138402	102.8488405649364	41265.968059339524	90.92525524984114
20896	132.22043000654318	45.00811750496272	78445.88637906297	42.83380679948721
20911	0.0	176.17739454958587	241324.3543061541	128.34136859393678
20926	132.7178276261501	88.12736521931365	115585.87405915571	128.20299476616552
20941	147.76701508051715	88.16220542269758	4883.063470976427	42.70401295408607
20956	71.97012611372396	100.1048201934155	683.4243064362182	85.64722879827022
20971	71.81998093351721	177.28634209830315	745.1296875529737	128.3842209709855
20987	65.98270575646777	44.46762949853204	834.7809278493282	84.8731222307682
21002	73.16905722246506	43.69614090858493	1054.4697370860958	85.4366806457378
21017	66.32519727978855	87.62371173450724	1838.8922220053478	85.66237206292338
21032	0.0	88.8759051348921	3394.906627082825	128.91565316366965
21047	201.77975571680815	133.65553587421775	66909.8190266813	44.173197977989915
21062	0.0	43.82770504104439	49482.85536560297	42.61192670202348
21077	0.0	87.18183942255564	3524.409136292338	128.36778021454813
21093	69.24408562541008	45.53078956487589	11734.95662739709	42.7929233522946
21108	143.98686370372772	88.40091448456049	161759.6429243735	130.03595500617755
21123	75.4672182418406	88.56695067912341	44591.533778886194	129.17157601419837
21138	64.84711045835166	43.718986031338574	2732.0126703925894	43.98727280137595
21153	274.4631620398909	149.67059955105185	1056.2549432663618	172.18118446318434
21168	0.0	0.0	476.43263530768456	0.0
21184	140.77799462724477	193.21290525747463	862.9459517001173	212.7865073592169
21199	65.80161970227957	0.0	335.93308993285524	42.45517968292814
21214	66.562072043675	88.41939167822711	994.2497487664223	85.70962053654715
21229	65.91491426235996	134.8214651227277	323.92841061422604	84.98204594155773
21245	72.60638704366517	86.86843926668168	790.3879765593912	213.9749814007431
21260	67.1861777940765	132.39257314056158	888.9657449924157	42.59361917980015
21275	67.28604415811598	45.52712069007102	22556.203986865283	85.71880132198334
21290	135.40755120793358	223.72505678860472	127438.90308553561	130.04839646559208
21305	0.0	0.0	870.1488574835656	85.13680576235056
21320	128.0707584908232	88.67095932777039	1227.781360844057	86.50086766979658
21335	0.0	177.11100101904944	2077.11838732115	129.08388608248438
21351	245.3660831039399	46.084097883976064	2033.412518250835	43.98549178473652
21366	69.65273485858924	91.85202061086893	5286.43658577173	86.3475675009191
21381	69.00011013278737	133.44405617069452	98459.90633075994	94.55540434196591
21397	66.31709421611392	146.20932461857797	114465.14140325449	86.12529593155719
21412	71.01685536414385	44.304513915292915	2548.5712847026157	129.15970740786753
21427	188.86895501794294	87.13441215528175	3737.1984968356555	85.04207803557627
21442	66.29918742060661	88.37982073112391	16296.477503946324	86.23843225937337
21458	136.86954754829407	142.03469383567574	167389.12143819965	129.02935657426713
21473	195.40215436443688	216.53804811503738	185142.52061895357	129.6680014537694
21488	0.0	0.0	18289.910266684983	126.88977899235672
21503	130.91425037579612	45.223667663647795	1669.814220096003	42.94741727657616
21518	199.4411631846428	89.08644164800644	1485.3223649322242	129.10139581094495
21533	0.0	88.88582969285548	2011.2228168593717	86.25984234832227
21548	139.89210785999893	131.94612272751053	1548.7662951608374	127.93218675239012
21564	65.68464455523994	87.64988433195278	2189.392657376155	128.9478174650157
21579	67.51607566101943	184.29590610718355	4993.7495594539205	43.08761519119143
21594	65.33092304385268	195.82322105035186	768.9025385145844	173.8874854916334
21609	69.39888073111419	45.06983575930353	814.1601277225651	0.0
21624	64.41523712620139	45.47582069211174	11692.159651483258	128.9019382917881
21640	131.00684838205575	186.3963906291686	206151.2945834375	85.2989557287097
21655	5273.342454416797	5637.488460972905	1944312.0621144166	30822.21386379082
21670	1177.718126678467	177341.03642350488	214699.11698143766	454839.0355339217
21685	503428.95454132167	1584.5906238032878	1346.878404562706	749.2822656071512
21700	525606.6673078646	774066.823369917	205218.5319740839	542171.9318215484
21716	470470.39164419175	872441.5565969457	131973.13347141026	522117.0370202847
21731	474908.28943332145	3498850.9545117174	196423.4308363651	492890.24196233985
21746	391922.6163630912	106.5148136083223	4371.467107263743	506478.2524781916
21761	2662034.852862172	105.5887365471851	987.8507903552058	3588013.33231782
21776	198.978647924331	138.32491115906743	2907.7714866727547	138.1423705870751
21792	0.0	47.89278368606698	3784.449923036993	129.72615445934235
21807	206.20298901690637	49.2723967899615	51512.03412479032	130.03363156691194
21822	66.87567056655884	132.2044186774548	54740.18098914969	84.8971334704943
21837	67.29672975209076	181.64122505784036	805.0030063851598	43.41951797658577
21852	0.0	90.0220150359068	867.7555247203445	127.75702580960467
21867	130.3055357502401	110.85459116184153	736.0777394286544	129.67328587878495
21883	65.18359017004259	50.6138718895521	1432.7985290712122	42.4351167084882
21898	134.71879878712818	137.19475882843136	992.800976709556	130.8712697618874
21913	0.0	0.0	936.2082757294178	128.49985407453494
21928	137.43479925706052	181.2307322193682	2210.2079960299843	42.82341196568683
21943	0.0	95.99410874764435	1061.802356327623	42.777454864177855
21958	198.98226091240065	102.43432889677584	2825.1260171458125	172.5961419582367
21973	75.171185182482	90.34985919721424	104723.24856385757	84.87864314900712
21989	72.31950628402177	97.69540384995751	16443.99428072057	47.07077074151486
22004	0.0	135.54585022067653	3518.390515959263	171.72861491236836
22019	198.21709917426108	97.50528535638004	12355.167840305696	86.17374043012038
22034	216.55116941336541	99.14160737246274	148749.69194796553	86.11203836509958
22049	68.11090369068086	88.83427914423868	2863.6943481577187	173.5010056051612
22064	0.0	53.426866596713666	7829.332007690187	129.10735612536314
22079	133.09105240553617	205.87149396499618	81724.85413193493	129.63954805006273
22095	148.5355290539749	48.70062300617341	129937.64047674766	42.88174259384628
22110	136.4060134366248	141.87775587256996	4737.233344763108	128.0681550724525
22125	0.0	186.0737359330617	3926.4451020216197	86.17775606732816
22140	134.53410407453777	87.3058836850524	69991.13446933894	42.539825726402924
22155	0.0	99.21879294217564	56591.63640010737	127.93436369132716
22170	69.60478584088385	45.68762186578475	1464.7686199120435	42.833687005075625
22186	67.93890424955636	98.03424784243107	748.0059986007773	222.55295973841567
22201	65.82241642001085	90.2893683004938	72959.30547371371	44.22687472995371
22216	148.79717328476718	45.67519036009908	128145.68941456005	45.16972554620355
22231	134.94960242852568	48.48248563011177	488.03816378161315	130.68779558077455
22246	134.27427294496448	131.7117986306548	642.3699191216007	91.31221221542917
22261	67.11679910240694	184.65784023476763	5065.160480293789	0.0
22276	0.0	0.0	173956.2691572974	129.32527662253474
22292	0.0	45.87120841085445	150023.1295107634	0.0
22307	0.0	48.401812310800885	2015.8592412741855	223.27544143109117
22322	206.27163706947584	135.93690578565003	4697.50926358779	42.97582194718998
22337	71.98999108174816	94.81267822422087	2271.2044080474043	85.73796962072142
22352	133.0950199171901	51.52276169330813	2010.1109889987856	42.80083583546337
22367	66.23547671347856	158.57202588503714	2660.5030777224897	172.21582835398615
22382	0.0	97.46661979526282	67415.55046630643	42.96666488691233
22398	141.7437688950263	44.432228755587715	52677.92658134758	85.84433643713594
22413	67.11158310770989	179.03636205852033	22032.94808743358	171.56646683651954
22428	65.27477900795638	96.46285360302777	4072.6698927305365	0.0
22443	0.0	48.517512038862336	1279.274343528226	129.4931659209542
22458	282.09863828454166	48.436911701504144	2320.086032894701	85.87619832643308
22473	0.0	227.31282445744148	3038.7466139577796	42.38237771772779
22488	65.44491357745137	90.3239172094781	61677.50915130238	130.34069865336176
22504	131.1778899663873	177.51910626500845	129035.44896069169	42.45579096380621
22519	69.1917245797813	94.0778368668817	50009.33640244491	129.10239581242206
22534	67.7178444951307	94.62823637232185	5516.137354753673	170.17635626155882
22549	0.0	46.932522101229985	6389.819079499876	43.12238402854186
22564	264.69180608773604	145.7920321680978	56611.913625394365	129.26386844078544
22579	74.0814536028821	89.21058737337589	151570.36710682572	94.53437887385488
22595	143.16521747239867	104.06336564725265	11136.771268335951	85.99699508120305
22610	45535.34080934114	50928.09159016187	1548254.5472712815	92051.34019031227
22625	480560.47121562436	447550.67724153027	511488.0075049189	5853.312288358808
22640	682.2747875461355	1375.9018189162016	655.3113977239932	536662.6960507843
22655	403008.27667311765	844422.1755983244	47780.13511937163	528272.2179528105
22671	445594.63626107574	912612.1633721455	1106.6324189007282	496983.8625135457
22686	513993.50206325535	5070663.423402948	2084.020289533632	502742.44751537446
22701	499108.19416815706	1630.1137917265296	1701.4564683387014	512324.7210920697
22716	2915361.764399628	87.59408520907164	1697.3886778821052	2870529.6036840063
22731	28792.37604213424	46.15787422209978	1845.5125670096697	43.437100417912006
22746	213.14334642197474	132.86452822387218	2129.591608395427	87.8258864222467
22762	70.34271158337593	107.61376388669014	13304.618727461768	214.02124857902527
22777	73.23939261283725	96.21023248757236	116920.53138482095	42.77820435209665
22792	73.67561933512334	180.7731872664392	45096.421853869746	43.58545303312596
22807	134.96270662276075	135.43529404811562	1376.106752614919	128.47271317955105
22822	0.0	94.27059926565737	856.7589747957885	43.08525831955485
22837	69.73933535115793	0.0	1470.6101830118894	128.38338726715185
22852	218.28604866418988	140.56934263207017	746.8678787774033	132.40333304102998
22868	69.49374801409431	90.86356458792463	4588.829114375263	43.352284607863986
22883	0.0	0.0	71551.53907968791	43.05519452503882
22898	77.40919202448335	145.7208180233091	228353.04756149367	85.39655770896003
22913	0.0	44.36259244126733	109055.28256823076	88.80162357254885
22928	72.2301673367992	146.37365794211627	4028.6862373547256	85.47869230586105
22943	0.0	134.3102898889873	7381.3637794826345	128.82757700968534
22959	68.50066665584687	49.39037758795079	8105.392710455078	42.63702259808779
22974	144.63185015320778	53.99205190894659	5728.2560839926455	89.6532324641943
22989	154.2855998133123	97.74772348470987	54708.22364346509	86.1781030491367
23004	134.15768833022565	143.2094048295636	151180.72057296964	129.0655335494969
23019	0.0	89.47620791971684	75662.43446181016	130.1308305024449
23034	148.31642607032322	96.3899532584846	1107.7171968714754	43.16287728175521
23049	211.78728519060184	132.51609218307306	1247.0326397529104	85.26414427880198
23065	67.5472230617702	134.35407320346684	630.0638176981732	86.33800557047128
23080	144.7235173971858	47.32618580935523	715.2248479085695	129.12937798733824
23095	0.0	89.65865147950127	642.4331356603652	87.31907445517369
23110	70.42350656293333	144.32636600509284	903.8168078690675	129.91906155198814
23125	0.0	88.55311035621911	712.3715271963181	86.87426996966823
23140	138.83657531931996	88.67930395305157	1317.891673201695	85.6104724741634
23155	69.77217956259847	144.66615522131326	1865.2365101446394	174.45167133808135
23171	148.04160762563347	47.49552945517469	718.3120899826522	86.14136791232042
23186	0.0	196.43632522970438	881.6369154471906	143.12783778641838
23201	0.0	0.0	6132.160228701141	134.19055669818073
23216	277.21270032780245	135.96464981613678	37110.336624206284	90.69857941038907
23231	69.1983362576086	169.20719614785165	4144.787739497982	42.93674468018114
23246	279.1530875116959	52.77749000722077	4261.436742434618	128.61435927872546
23261	0.0	145.1464350850135	173806.1180146219	85.79845530353487
23277	73.58204327948391	44.886814708709714	127356.61556962431	43.44981711985543
23292	142.10981028358452	176.26678309299052	2249.5004172575473	174.23142893085256
23307	66.50130665627773	46.86044629119337	4059.9423035883538	0.0
23322	76.09789593905211	149.88076035305858	6969.168408534963	85.89529879390263
23337	212.65841167453675	142.02378242997452	132027.3120857661	171.20659265499563
23352	77.2421730085183	88.97098318599164	6593.158165582718	84.82328083068133
23368	289.1191162568517	89.45951166048646	3273.8665714104472	170.3394295245409
23383	0.0	47.42280780091882	64419.48288786411	43.24319272146094
23398	133.20046462766825	194.61814327513798	1833.3120754486322	129.89085578584113
23413	76.64718392416835	91.07744951024651	646.1735500216485	86.5347890265286
23428	0.0	43.978658344056456	125539.02005248953	85.29520367466844
23443	155.49564782998524	176.1153920974396	158210.42842021227	87.33630373279564
23458	67.20167158470954	96.54989152848721	58295.974835984634	86.6402487076167
23474	74.99800143918023	44.322474812716244	6721.930743497391	43.199586905273605
23489	0.0	97.06982709005474	7613.309262659924	42.61446424542926
23504	0.0	89.31588412937708	65186.929173837416	85.45931168876588
23519	139.7178432635218	135.10987653766293	55630.37383741915	43.510033877193926
23534	147.02754658221266	46.51084157084115	168284.31777053475	129.02785344508476
23549	67.08137083578855	109.70272896133363	1237.5004910521207	43.08348644895013
23564	73.78340048991144	106.84058887008578	2080.7766106250883	127.9737060584128
23580	67.97173309408129	90.81291306630709	95137.10603286872	42.60455450113397
23595	142.3355849468708	132.9190168933058	25464.59224779069	85.3188523566071
23610	0.0	47.22621885738801	1552.190893279016	85.84348241530358
23625	82.05679002631456	130.12077855011916	2102.259399295449	171.4817202311568
23640	198.674172207308	190.85628768766298	96396.03352872914	42.956375013096256
23655	74853.43556351865	92138.61708760858	1804776.5839594014	145709.14453308895
23671	557.6367644402432	6702.777175123393	7922.904273732639	3386.3663120058923
23686	490901.5830033347	1046115.7662190534	259553.29367644252	562506.3711229262
23701	471047.78336006985	868319.2984570084	201272.7768175459	519602.4311125341
23716	469022.78617750725	894666.3066154089	16701.72229966471	486022.38372655987
23732	520390.6227393758	4861317.220227058	7941.841229406512	494976.68104558706
23747	530197.7911624203	95.6986398524139	7818.65610711744	922259.693378763
23762	226167.3357653331	95.42138963533566	10354.983354504704	1867148.5883487745
23777	1948917.1689116776	137.17357686258853	4153.85619007959	145.73697192303837
23793	11118.614256280041	51.623269737511876	74808.67798490217	85.86526648730971
23808	89.7179994885251	132.45386286447757	49316.710092763904	170.0197863851115
23823	158.04785948102364	141.5994099545572	1068.755330301244	42.15294036781415
23838	139.67032029103487	49.526210425049065	1000.0347182554007	86.27587075561286
23853	0.0	51.1644827041449	1299.2404351042583	85.25215974912979
23868	130.30354525965637	193.0752732331306	1948.1652292995152	42.59349841591436
23884	145.6549925350584	47.43357961450238	142628.36911830888	170.89589342756196
23899	0.0	237.89996059688275	142931.01876552965	43.23788170136511
23914	67.16784422813448	0.0	2942.881557618524	126.52854797987268
23929	0.0	176.98022502247244	3738.0128310069535	0.0
23944	136.56174630747176	132.27937524296343	7358.110514948369	126.57775150427128
23959	0.0	47.230815380662676	93081.84937474533	128.94014824185055
23974	230.61635992649946	143.07869459127076	92371.85529451925	127.71851082878653
23990	0.0	44.04345945210196	14037.91020527713	43.05752902563661
24005	68.90098146919627	135.6058701530099	77738.11091004385	182.29009885668754
24020	145.2882868499402	87.763358729342	141653.20506787655	87.03552164286376
24035	0.0	133.13528440809344	842.9937719907613	130.8882156632189
24050	138.9910247885855	48.32035027815029	1782.3228933481735	86.15548294350505
24065	144.79757795497775	178.15788810372354	2330.3777494190635	44.31728949302808
24081	0.0	44.506394560402256	1715.3033670526743	86.06881270609796
24096	0.0	44.37016402199865	1408.7814025153639	128.7411300048139
24111	0.0	88.90200709825382	2692.8014209777866	131.9179580402188
24126	217.01278393131213	47.8083811372146	60981.90182818516	86.25232655259781
24141	227.7386981137097	45.72727774679661	54602.884012004135	86.39033207536676
24156	68.8066949032899	157.05793881364167	1132.3224079084398	128.1874278246425
24172	0.0	49.052253587404266	1045.805326645621	42.6341007603053
24187	205.98625423489136	133.3340873720264	1928.1289799523915	85.29031234008261
24202	0.0	99.44672396508045	2033.98288554471	171.49322258159518
24217	139.34890323221683	88.32841975209303	60841.69748735362	42.46334991232026
24232	0.0	132.93058459178545	115891.61927159624	130.66318295896053
24247	71.14555901221931	133.40488927382043	62162.666698933084	86.56600411643274
24263	148.68118263825775	133.44173522015566	7632.558589238673	129.84870512514377
24278	68.56489157543052	44.08572507061064	3247.189695344865	128.48760024635587
24293	0.0	0.0	57141.360177418064	42.966601212909445
24308	344.9830402620137	131.90014501368162	160135.83107202462	171.69860991267487
24323	0.0	88.43383004481905	33578.48104695221	43.044360027164224
24338	0.0	44.26787433075719	6959.114886681289	85.33714456073008
24353	144.21221574436873	130.21527509390842	21661.288994217033	214.05413168794473
24369	136.30525372806005	45.05430003382731	109950.37228502132	128.62115960050374
24384	78.4157194159599	178.6671124175191	53189.98221921197	46.81262693125755
24399	141.4959765958786	97.4355438709259	65861.76189999348	127.42022090187763
24414	0.0	44.003670801045374	143620.8656065032	0.0
24429	139.16659363985062	176.865248529464	70620.97754092436	170.53510094642638
24444	155.60126700546593	0.0	2782.4052367578306	43.29861924380064
24459	0.0	109.91850435145199	2444.586756292661	85.62514240141027
24475	0.0	101.12657727748156	2664.6174850937355	85.62082791146823
24490	272.3541945517063	137.75296014316848	3163.9680674544543	86.68874694209546
24505	0.0	132.80979658772236	2157.698315174412	173.31815422317013
24520	137.24600442713125	44.712991239130496	2629.442814384005	85.38219951533712
24535	0.0	87.18581565879285	917.1629223245288	43.90530977097806
24550	145.65649335734545	220.05668268976734	915.6643191412462	172.66499316206202
24566	74702.1857645455	88.57484351447783	18212.510369335563	42.60030179887544
