Tiempo	a9	a10	a11	a12
7	749.4247106307465	1394.9216965479777	693.3162225611043	612.4706789165549
22	804.1423248813675	1318429.2464143778	321364.40964711166	50059.915161410645
37	875.8316197494138	1243352.7958897622	306398.4085888128	50487.19360149836
52	812.1642048014328	1172594.1753299832	304101.0980902969	50187.759519175444
67	1150.9483402026258	1094525.7541785997	306142.2536062829	50906.95235221507
83	335.28375638879834	74587.56036127292	322998.3862360392	49454.9201594208
98	471.26676210124515	135.00650387406347	305218.10456979973	50614.008622893416
113	289.9347575132176	0.0	307949.91489335994	48652.38588961243
128	380.71064404517415	46.014399079154245	310006.4913346249	47629.21392998017
143	441.37283954620364	181.64427877746522	328441.19207970053	47730.36121537278
158	464.2349655623082	92.66566474827938	320167.1659027033	48291.96046561226
173	520.1758277566731	134.00428908352274	315450.41570535424	46473.45332942215
189	266.25083183459935	45.74121641248465	282758.65536835586	47630.830061302055
204	134.2696346177906	0.0	330670.8509699976	50306.496230247125
219	67.63988355383277	132.646990966592	10025.916981246173	46073.2523056888
234	155.20591947183013	221.02307890022638	152.83773405700921	47288.58474522441
249	136.09097852146252	99.0314666408673	158.33850354535505	46993.42504203346
264	138.43017279622146	96.36756810748018	374.35766273736954	46722.51221538858
280	271.33753915429116	88.77090744685381	75.77219406217337	46099.130497291684
295	0.0	44.48496365122497	232.87091099155134	44465.56409201761
310	134.22900545570067	88.84925381562672	210.7038666585088	41915.81811077045
325	196.22968947686255	264.61459546105004	300.9167458523251	44256.51085087851
340	67.07149401478469	43.41413855991326	74.32497466958594	43350.974327674376
355	142.0499471553415	135.5864691717457	224.08933807909023	42115.80851619691
370	204.01917927145956	45.43183970420621	74.72954404372722	127421.08751770176
386	69.37309463074897	134.45640429312363	152.79565374350176	380032.5515494495
401	464.40782269433146	132.65956963822248	371.28245010972023	342010.85545447166
416	149.599152668342	88.71666011512279	76.60843388964888	315119.7276800348
431	28305.742814923142	43.92562974792905	151.15749873269348	224.64867402240634
446	29123.66601717177	137.01545344856567	299.0729943408631	42.6995038508391
461	31499.623917474666	44.23384798746556	148.65351036787033	42.52428490314167
476	35131.84904404594	88.2580184333492	148.69950494659133	171.3008515402302
492	44174.89117450528	132.69861456063578	148.50839344402775	135.13605483803897
507	38856.906202962404	133.89621668692678	148.5687874359358	99.40488682754338
522	25485.35053677763	87.32144151379354	222.54027148534544	102.16854294372723
537	19319.844879951328	46.604627373623664	75.01579012162053	87.11004527935758
552	22851.457303233856	133.23300191346556	222.82833937481044	87.34252231188118
567	34930.70439591757	44.53709121167194	225.70606967361647	88.19285981847905
583	38659.928791895974	90.21738880732097	151.41337427205406	129.40120138545055
598	47444.25578616626	88.63491995472461	224.1001748495875	86.99788921475411
613	33861.56927840606	89.49169765211641	75.33064381396863	86.13384522275068
628	34403.7080467295	135.23216573587618	153.0825858818274	86.60424890932627
643	37370.99897262355	175.7162951966375	149.24835371151568	100.75107710947283
658	36531.16936810008	0.0	75.18778136596083	149.4234874999523
674	38193.34091458859	88.83455315977335	152.42476725583896	86.03601150013506
689	34850.04764954292	232.74681486727204	303.97597677722575	85.15992789038457
704	30259.416373420754	0.0	151.2980072281603	129.2177580638509
719	33423.131686611465	180.60452558029442	149.0823244473338	129.53430803320373
734	32065.24793080982	90.35370899474248	147.5658008739166	149.70998932644727
749	35067.3893892685	133.69969484236557	222.5966329997778	63.59086437393911
765	36256.563070568256	87.87384614906274	148.41162120326422	130.9030248720199
780	45038.57748135228	88.6090929684043	149.2768554827571	134.59714186380154
795	27965.13187195532	0.0	369.1947562207468	0.0
810	31013.589362640414	132.09721607581247	148.35709433801472	143.29179937463255
825	44731.88635932677	46.389185833097436	148.79389258005656	0.0
840	35563.478714021665	132.2576494354522	223.11559031249956	188.34308846073225
855	46296.82846985459	53.83939446095377	79.33947147779166	43.349011685177686
871	31910.45448758155	134.77322692964225	375.53105370977426	129.03767010526266
886	29851.161774991982	174.87366011280565	0.0	131.58468128424605
901	33605.42873991547	43.80337942258455	224.68361639320852	128.06606693505776
916	33571.34991707733	133.4101230867952	148.42146343502216	87.08801248937846
931	13881.241069636344	132.2925321174413	225.23981305137275	92.62747653810307
946	9349.140383078602	176.02556940777228	148.75053371635266	102.99165866800584
962	10407.674578251885	45.826865586326456	297.0458000312187	140.43755296150223
977	10126.677979635946	44.84487366088666	74.70373431801796	88.28911239266395
992	19512.61310123578	177.20297171493993	149.948301628232	43.371496635768565
1007	28276.190987003964	88.45007027766667	296.75241507003085	177.17071180505678
1022	33403.621908361136	87.4052047098428	148.83427985446528	44.37575197109021
1037	35215.69318585854	89.08582970238291	295.6174331924133	132.2596943613142
1052	19094.731773557996	43.23692253157496	220.9994554207474	85.27698736959137
1068	33270.438731646536	86.31268336236477	148.08815604471602	129.8690309777856
1083	34554.91846477449	133.4052856794186	0.0	210.55800751447677
1098	32864.00380608969	88.25323826545849	223.52826548833866	51.892668871362694
1113	30557.569790517686	174.44025289015843	148.43843679812736	89.2454995380342
1128	38465.09685634543	43.6198292176798	223.7808333395468	133.22698674337474
1143	163770.41118857384	15889.685038449057	13686.01175421834	42.8089387640357
1159	681.3209874921711	5225.844547397666	2672.7425966321675	579.0116777810455
1174	779.0728104753653	1005149.9146342746	225.7743885634979	41898.962551101744
1189	917.792942859605	969598.1917099057	154.21043948829174	41653.26555104647
1204	980.6544218052179	970733.6320455751	151.37272766530515	168085.97510525296
1219	716.5623197305947	86664.79666718558	152.59403543531894	350722.7861703031
1234	274.3059193697758	0.0	74.36483400985598	380104.99875658157
1249	273.55673693217335	132.36191914065273	149.27063622336834	96420.89896567179
1265	371.33049480726476	176.5592568476498	73.59548381515779	316238.9037826328
1280	413.9946600850858	132.32849838503637	376.5235263934359	330276.1009913826
1295	414.3263789860904	88.32591895032674	150.08480782303027	337880.374367745
1310	2024.6438963371515	133.58546020690352	0.0	351040.2816703581
1325	34810.83881046469	44.67885540741496	227.88777860466857	150521.24383423413
1340	35937.37952879396	136.44113481920678	149.60518548987807	0.0
1355	41447.817876658555	86.87508091673254	222.1254368046764	85.6128211069014
1371	35749.354861377775	87.51003384441137	149.55789096359163	173.26404382912443
1386	37981.10254367459	44.89760405793786	297.94961702685805	45.64949168935418
1401	34162.9540605931	87.84219258412719	74.35353328073397	49.96643498503603
1416	32994.12957522185	176.713738268055	297.0633594895899	149.81513167517727
1431	37762.8224980458	86.76154014862142	223.84103345358744	86.04157044617459
1446	38371.13177379472	48.76265940320212	79.3871687671449	0.0
1461	34755.71353730589	88.35874998088926	224.13694041207432	128.74846904617732
1477	33445.605009329964	43.74779028370976	148.6842692153249	170.5744836253673
1492	35638.71945268363	88.06982038021087	150.88279256105423	126.86629026465118
1507	27950.79696925886	88.26924626955763	223.552013802398	89.66533499583602
1522	17273.246909578374	179.56980131836607	151.05835297376848	49.19604276417755
1537	33427.58107050925	0.0	148.38579120635987	98.86976881734095
1552	31849.5853953962	132.12404962789267	224.19570334242192	85.58626112569124
1568	34635.961312896456	132.81105139462744	148.0250115757156	130.34048575535417
1583	47313.3252714175	179.046902273912	224.44997303254905	42.954922620230356
1598	35663.15176303079	85.85095133299939	0.0	85.49814431637526
1613	32561.103057985456	130.51325800493362	373.2680251651676	127.9644398188591
1628	35178.31928901691	43.73458978234325	147.33778089509346	214.41220740401184
1643	34600.37033771426	89.0490810471587	224.59436744681094	85.18937298090196
1658	36169.153365230224	87.88093803853728	298.46001425385475	85.93195708215237
1674	40978.363280322286	87.68305031371303	74.6666265006084	98.68716321674175
1689	33307.43714899739	86.75443822413683	221.758316410454	148.3937799412245
1704	18960.038489856106	134.2080295734387	75.11679068229627	0.0
1719	22822.508168316348	44.09184025868773	224.66182282009163	128.86977008369286
1734	28589.786657898912	132.29401290938256	150.15258976669983	42.58584873818793
1749	6535.60405821302	44.52757299387362	150.1705139712058	86.03402299780399
1765	9770.068337275423	191.28762766635046	382.1011855173856	129.50066842187664
1780	14470.463091410362	46.22761604774278	74.81427230939269	127.408470997978
1795	15176.665138310305	135.5905932815373	74.92324054060037	174.9766032153368
1810	31348.11664989669	87.6927486788109	223.00012111103163	46.34222947105766
1825	35348.4089382576	179.55790905704723	75.83799801126122	151.2903135670116
1840	36521.900048892574	0.0	221.2424073497113	141.30381943332497
1856	22043.41305102833	174.64428056960926	74.77147139906883	0.0
1871	20635.184519901544	86.51033432169817	147.35309206672943	129.75292446899692
1886	33723.2495353392	88.75131050912664	223.06779530008322	127.92058942944277
1901	34628.32575862678	87.57839789793826	75.55557180002332	43.021847519143485
1916	34772.86673665049	132.48783084469846	225.50671581073198	217.74508062235083
1931	99030.8148157415	13842.07069823348	9463.371793519906	449.62094983639196
1946	638.0559169323462	3877.781910322141	3095.783252635156	38605.03078842834
1962	1475.466314773038	1013034.2601517551	223.82222118012606	36796.97829410043
1977	906.4078542125131	1025393.3679530153	224.86378325287254	117459.02842157005
1992	719.6856340260804	248077.72587711178	224.1764291645959	373994.16507941636
2007	339.20648317700255	148.4098058819771	225.1602664236026	353518.50974157
2022	416.1188463718444	43.871435984051786	0.0	368797.56599809614
2037	361.04360659215604	43.86135968714952	222.62981625827496	361105.29725842347
2052	437.11818106412886	242.63911261036992	315.34965371051806	366173.2432005094
2068	133.9590688551031	44.47049525122624	222.0255020830175	99792.34143324815
2083	10564.787840071394	87.21722225773148	221.41061109429225	39790.52170478192
2098	47600.541400618255	87.32032784871757	148.800067602871	171.29356816411018
2113	34607.14079420456	88.29429120965303	148.84225702346302	173.10888882757166
2128	35315.2596765994	88.75053181132301	74.55453384617344	49.78549431160558
2144	36449.84418220363	132.21659374009351	148.9221091256477	87.74877357643098
2159	37528.784106089515	86.6535090600606	296.8324192712642	126.11117758322507
2174	31751.97389973025	87.81460088275372	148.9323125331849	42.5165615791874
2189	37130.32517980761	87.75680886361748	75.57607421129941	42.36611259281635
2204	27683.624774599557	43.780717660859224	226.8910850736173	172.98771458566188
2219	18293.153851920935	89.96399565629662	74.05196998090949	127.4809049025178
2234	36124.50031008562	133.00700430877973	296.8729777097702	129.65843204878271
2250	32255.551935555115	89.17801009871066	151.5338261142373	93.86010519559495
2265	34166.777989873844	183.92642906175925	228.30618097035216	164.3346974625718
2280	35093.807166400555	86.67193061912432	148.46078684932553	0.0
2295	38234.509212781326	88.11858369794675	74.52993490472436	129.90177154239268
2310	31310.01841135243	177.4813176348619	223.44271482601764	128.51315324687863
2325	34199.93489280036	87.06220461577178	222.14825960974673	43.25739504925907
2341	32918.06129495291	43.70400456279982	221.80773854776754	84.02466894451528
2356	36700.006205983984	87.78042397812008	147.59435362746007	85.21240751892329
2371	36715.25735458408	88.15581598730758	148.7635896235518	127.6660180270672
2386	33972.81645345338	178.06491031840443	223.65656026313547	85.5343009061832
2401	34297.2517403149	44.102692791316656	300.05915897926315	127.79796043517533
2416	34942.945013478995	132.60924646661618	74.65458943737671	91.24997079242952
2431	36016.701979795376	132.0620407546498	151.18616921305656	51.99421748574823
2447	36670.8546634583	0.0	223.77719115883113	156.96537712718825
2462	36048.24794946842	174.6202739023976	74.1260543523822	85.61576512604952
2477	35864.65418271571	43.60337746202946	149.06809275724925	85.79678780310788
2492	37589.88187955648	88.80968712979927	304.5016396641731	88.4268426323682
2507	32204.970752987472	131.81043576055674	149.74365051115862	87.7309212899208
2522	19686.204934129713	0.0	149.5369743514899	171.3203138891468
2537	20032.45391034521	132.6819419501396	298.12515431312846	85.24784666254185
2553	42907.64745495952	87.53831143168732	148.4189577970002	131.74754123627207
2568	37551.853304933255	130.71199220895767	148.80907210517674	106.53093277911655
2583	34961.077797858954	89.29239791010507	297.4468839854002	153.35254866555334
2598	32659.52869489838	132.25477525787426	223.4398105328623	0.0
2613	32307.62049851986	88.32351992833428	148.1246318477858	128.2114775366569
2628	48388.313719734826	43.997777557596564	148.0434834654629	85.27360050465911
2644	359.1692858836427	4726.922522563935	1368.8739439806436	872.2196089795791
2659	1461.4504621807484	557084.0663054449	224.61808511205015	124387.8574405666
2674	3357.6381698773475	75926.72055998528	222.87920379191635	433268.1249641812
2689	0.0	44.19313955394085	148.48183030838146	400495.6716435669
2704	665.2180283393478	185.39841000139714	149.6132079601288	270822.1203380162
2719	68.70332143642008	45.56300400054082	225.02851562250405	160678.73056667607
2734	29288.52228950428	87.59648367615416	222.69773156477137	21632.460935266354
2749	18496.079879459605	129.94588214532473	148.14574043531903	85.9812121424824
2765	25912.558751739452	88.27360064757056	74.44968193793669	128.94064315861556
2780	29448.79483989239	131.93164049503395	222.98999967545268	128.69138924036176
2795	17702.006981936647	87.09176863471046	221.4802414639061	85.25683831886388
2810	30784.266743486412	88.67144737254829	223.89194733146576	128.9458038733201
2825	35692.683110878876	130.74860504316632	74.2288913514465	43.04019119590521
2840	28436.700591536388	88.00233753400855	224.22432259250434	173.36120849389582
2855	27957.022717258526	132.3099382117158	226.1632819538936	128.31193883127997
2871	26671.879025167207	44.04819553913083	148.97754482269286	49.269209663355724
2886	34868.996747923346	87.9944432426989	221.40117786209564	148.34706893194468
2901	38805.591928701404	86.04958579391241	74.51403859638144	132.7059744240716
2916	27494.985824230705	130.90147860721686	220.820945969224	42.71590580740012
2931	17644.94871127715	86.92145193368196	147.6793315592408	129.19891635721083
2946	25398.782434528617	43.91644890829921	222.44819029499774	43.58049123669509
2961	34315.07295062542	133.11251310333608	74.62395447291433	129.9847683727741
2977	21580.150756421874	90.2181668011658	224.7005182885146	87.16591682036407
2992	19233.04608349077	131.35517838580068	149.2360804594215	133.13292573709043
3007	35341.46280315402	133.57329469174147	149.05187585237437	85.9964465646632
3022	34552.30924722232	130.59585994459223	150.5249615378771	85.64102687013336
3037	45649.76169625074	43.2588960499689	150.52106435814872	136.27439405248035
3052	44228.7758618094	130.44798420501408	149.00222472696566	98.17218513267115
3067	43620.10888855308	43.763181089973074	148.20158304832876	51.048191071785986
3083	26475.98293781287	88.26236643775366	149.14364245775155	90.61104001253844
3098	18787.13712386362	43.80133616105653	148.46439479738473	127.93513501003851
3127	39002.91674053439	46.35148557412438	225.8637077922933	129.55620782341808
3142	30925.394697457974	133.0781188210845	149.92386528472417	108.48424420192838
3157	31754.14183479056	44.39789721548092	75.5524584402144	54.55579623668454
3172	35041.77069345297	89.72562962168827	223.45923205263912	131.92595438852908
3188	34018.126848449705	179.50539281060918	222.5395591672417	86.93309977844358
3203	37714.18913643283	43.93551381438971	224.33502844294532	42.56298110223375
3218	33328.44910852749	88.41870025098324	222.13208395583555	128.40610642881597
3233	34018.247718276456	88.13094341376797	148.582195823472	143.05919713282026
3248	33835.46084707106	192.99788426728918	157.98866360262036	85.17368478099816
3263	36720.49885955164	43.85330721868202	297.1487017631531	84.90487120075151
3278	33165.299135690184	44.35054752379656	149.49717221333646	94.811827286575
3294	30835.08759103812	87.86493631058373	297.9225178126432	0.0
3309	10563.148657472804	176.66822828814387	0.0	200.7929894927703
3324	82.68581812481396	133.13230206188746	296.3558011853695	85.47771580562927
3339	11510.701708963401	0.0	74.73021031298674	0.0
3354	13362.141904763059	87.93942721308208	224.38946581050755	168.15979297563433
3369	29492.8306796813	133.16929763790688	149.1192690172512	705.4471413040161
3384	342.98536262225826	4479.457292472129	1973.733929571924	42016.02468170621
3400	1556.6502233110368	902743.8367683782	149.7134131700825	38801.848896375384
3415	282.51899738936686	91563.37519632379	149.43034477019683	39223.56501817222
3430	555.9252344263718	132.22446433103644	74.79627927180846	311430.1367491082
3445	0.0	130.32924467432778	226.60113527520093	206710.55190812488
3460	619.2769978959113	133.93002882743718	149.74961711372248	148781.0260738284
3475	404.48768764502836	86.55201951337978	148.11439142729157	86570.74505909625
3490	271.8380177645944	89.4778753273841	223.18823205170688	125587.68064494425
3506	9172.405831310005	86.9888862136472	223.5270116489148	11155.730555298775
3521	31516.466005712282	44.51917358466424	149.6805697868485	175.8241862409003
3536	35318.69087810562	87.9319798719138	149.5443097220268	42.82052401626948
3551	34336.18770623046	177.81316064154728	74.31467553332448	86.24921828100457
3566	29103.57743640102	45.143565228171646	297.4383585315943	129.3048935198039
3581	19392.49367040228	136.19242534184363	150.61503159097396	86.65448406167329
3596	19607.048405532278	88.99160633164458	152.40696842908858	145.5090973895788
3612	18766.640951828464	179.47460554799065	300.15279256235806	0.0
3627	27875.203938594263	297.42661476910115	225.20192805773576	140.00673423792702
3642	35106.17688094347	44.50766974991653	75.38749664294068	44.065082645094954
3657	34637.775852968676	85.4489533904288	148.10417466312646	169.41284309348092
3672	36409.014724336375	133.12492206120865	222.23015976056456	85.38813903179951
3687	34907.11792741212	86.64821585558354	148.97777252211236	128.9678300983552
3702	34777.479885257075	181.7877838832885	304.3551834235899	86.38949101530947
3718	34645.459759915386	0.0	149.96310058584436	139.28314241589513
3733	45100.761561233994	138.1897452398669	0.0	106.44799569547176
3748	31989.253313363646	179.1155223377794	375.35712528345175	59.02779471948743
3763	30462.19067709365	45.35815257290378	74.87119403664023	115.46446670807899
3778	54739.4355548061	87.28884551418014	148.82753022858873	142.00489449821413
3793	36509.3069941473	87.97577074239031	147.86747140884398	144.32920107096436
3808	25733.166380415667	88.48107170015574	448.680519138258	89.52496257488616
3824	18058.50953376472	88.81007251535543	0.0	88.04723054817877
3839	19355.404158408328	131.03801980458667	222.6725080179423	96.49046432009898
3854	18007.52898732338	97.93220290009863	238.0007682023104	45.09957423493266
3869	18678.772808392685	43.63130420076661	149.5983395333309	48.781583615355196
3884	18922.164447254672	179.11074559137225	150.10924439534546	208.1917143246159
3899	17808.925922680475	92.20001104921103	225.2085261993762	149.39223541125654
3914	24703.480413785466	44.327795330104415	148.60702982565388	92.01534384856001
3930	25355.537737235674	93.47044714908115	225.77733607512897	92.15378247275949
3945	18448.417043611855	135.99494125172498	149.40357693627476	183.29216488212347
3960	25157.335285333913	89.77274994701148	225.87170289400498	89.40082869619131
3975	33718.36032413706	133.89170645400884	149.16117652995513	49.24560958482325
3990	35478.97408248053	134.37612696575002	149.5930351157766	135.0295239593368
4005	39439.59622647526	44.52267488924787	298.24178214300423	44.468796619162895
4020	33658.64832895963	218.81524228148626	75.01795682304538	150.01234997034072
4036	34970.094240896506	44.414043571245855	223.03225075802766	53.04630602892023
4051	34182.953382351436	44.496414442360404	149.6467622814607	210.86756040651352
4066	35107.60698435967	177.33297182500363	152.73781427786685	44.78206794201862
4081	31444.390735670328	43.96631671366282	225.97192434284372	179.9775416970253
4096	29540.968226815963	87.75446638167836	74.0629381544888	134.0269658065634
4111	32742.97511371933	89.23824771964922	295.93844178942965	88.36157689779996
4126	34505.114556386805	175.96909004116432	74.24162732530385	7534.62954942591
4142	1751.0799222983653	1848.143534046486	3262.477577844076	1168.0207960824016
4157	687.4043378448487	236697.2729585371	74.10843399386387	172181.99791290713
4172	1971.6411130633392	189.49294433485716	223.79155664874705	762024.6969205296
4187	421.71548898719254	133.98571339175106	150.01512023955584	56970.977312004885
4202	18902.64503706839	176.4927779829502	226.80827210789545	162642.5421609099
4217	18715.78565614633	87.67307326833718	75.30217848524451	2076.235552191455
4233	19280.270890355707	136.31858035566285	150.7889446317684	130.7454166860273
4248	18235.952418928668	44.65143710045144	74.61943373772316	43.222983218170704
4263	22254.614466325398	220.21173985241913	222.13091664060482	0.0
4278	18504.136891829494	44.42444881713949	148.81944028409197	257.4633131944388
4293	24466.394254227616	88.7984391516447	74.7606029770989	87.59348234235308
4308	24159.554278163534	134.51501383513212	299.362473277431	45.47824481050484
4323	19065.826968274196	95.89171153008938	75.16266613744199	138.1367216760479
4338	30879.68577864345	134.59908823147418	74.57826925586443	156.4094385507144
4354	32040.346880451143	135.65099298581947	227.44030000224708	104.42318373060785
4369	29386.40697233353	87.76751417241991	150.00289869949222	87.50983834537678
4384	18914.753129096018	88.56164957735687	221.8110735486215	85.86684722707606
4399	26293.531770889273	90.03079917485826	298.94343350884503	133.41519807726144
4414	31952.132371703632	48.19975786037743	149.01696436285974	88.40222766870633
4429	34308.19816703796	88.13650143932551	149.54803627766668	87.05642330497503
4444	33005.05446732472	97.32729757691733	237.8245564685762	94.81049350863323
4460	36722.117190660465	133.5030941383308	74.83135910904966	86.94126118783839
4475	37877.88244787224	45.12718391737901	225.70423532111104	178.9229657218233
4490	28941.13177618794	88.67437887677923	74.49230079501868	0.0
4505	18459.110557629097	133.8315552301565	223.36799533575308	214.85890502711757
4520	21387.072729472737	48.18659358902369	223.09227415170986	86.62594125329517
4535	17874.268331981464	135.03853477790952	148.9480304740928	85.82580789403059
4550	31145.433449023967	87.24836435637437	223.14355049065782	129.3391453420278
4566	37030.720872247955	132.09236888221466	73.92940124571324	84.48129406124353
4581	33549.81812070853	43.914793634018864	296.22436097064985	129.50987426562702
4596	33911.80086603875	174.6822310637869	222.0226793528069	129.31502575278284
4611	33120.5512966789	44.179812396350314	222.0708768681949	43.02523510070052
4626	39873.63787362123	89.3691240988858	73.88959072798491	43.28372000367846
4641	41954.24646137863	132.88357153516262	223.6192435597535	206.64716851834208
4656	35004.995068200755	132.63200166834054	74.47779192849994	0.0
4672	54888.27659075556	130.70076606620103	222.55961449029857	92.4605176850967
4687	36726.99849545255	0.0	223.20919478600842	128.10421955333555
4702	39864.12579773605	92.68197224736214	298.5694416826963	42.59632999477442
4717	27105.07935191743	179.8545748320222	0.0	131.60341722050214
4732	19071.263213796727	43.55066172289197	222.67991533800958	90.67700947426259
4747	17853.192642302543	131.37069882917683	74.37706370577216	88.46982432165183
4762	20618.965698208885	174.39835707159713	223.4744793458702	173.88470345377922
4778	39822.7018043586	0.0	224.26611726708245	0.0
4793	36443.839212100356	131.97217537981925	149.10322964042425	156.22033383361997
4808	36136.64459282734	133.5596161231678	154.4062483543437	85.16220527978614
4823	40521.637328768105	44.44017540700268	298.44437387838957	85.39666888183915
4838	55549.2446707564	222.59943117648362	149.80332414209843	776.2533741097664
4853	366.0380695183156	1439.0318639932852	1961.8028873566168	414508.2623811557
4868	32815.12431941128	45.413371484274975	148.31640506425873	85.87173603925854
4883	37584.027440795966	218.2832369580399	0.0	84.53032342753373
4899	34787.42917280751	44.979550838093274	371.3978297535796	49.90738412000239
4914	40081.65805238662	131.54594043464866	222.07786191518886	146.4229760579998
4929	33629.353464589214	96.53288084087893	0.0	90.64483347273432
4944	34251.82359262001	177.14465610802174	223.11305788201747	174.36153537800536
4959	34992.157948849235	45.68491361358669	223.87709109496325	0.0
4974	34542.543133481966	44.055235166782516	149.0602627984155	85.73387815130874
4989	36497.51061969528	88.7821694009006	149.40420096360148	128.81957723651547
5005	33963.91957856394	133.7898723504832	300.8091609299183	43.17257021566853
5020	33851.76967214607	44.58869305700064	150.5115994539857	129.20978936808183
5035	36134.10883379607	132.12006083166227	74.80056740399915	0.0
5050	46181.467200779916	194.19575676111504	317.1796481941827	190.88450047729538
5065	34526.30738790744	87.10793322964571	0.0	103.20529356354848
5080	34307.31947775286	44.37832180089783	297.1476087780669	240.04724247907285
5095	34447.057057709986	130.4575644430518	149.00811557954177	43.0762110570306
5111	33783.15489522773	44.000387281994335	148.28323192158715	43.226638469099996
5126	37556.45533167049	87.75526057241484	222.67612374924124	129.14140481892508
5141	32014.15953826226	138.12839319840074	149.35712080763653	86.26468842292205
5156	27670.81914175611	133.78712203522213	222.96615109439938	42.450558870211246
5171	18515.86491642855	44.39208893552423	222.88442929219457	128.11984844118822
5186	18532.625055986693	176.1800233113393	149.66349932396784	126.41797415397595
5201	17306.809446785006	132.4366000458598	149.24627954237164	131.26842436144128
5217	36605.031326334865	43.90690123772714	224.70035746284296	48.783381616710685
5232	21434.976616115866	176.6372785160877	223.21518573061098	198.76016081288458
5247	18499.566311689876	89.45419813850894	75.07548995770514	129.9458650007006
5262	28521.352996949405	88.64232169842347	149.90118661284447	87.134901312422
5277	35852.45084886077	131.37822471345774	222.58079174572134	42.35426276705694
5292	34389.1723698318	88.81046761843376	295.61298560434955	88.74472122713924
5307	37337.00196200526	132.89643473636357	148.55994754138402	130.19252458613366
5323	39912.758139903664	44.00072298388463	148.30512932770887	86.40302563786507
5338	32920.198106503216	174.3757615511678	148.22174233471043	127.87160324377007
5353	36184.150184535596	133.91576450278984	146.9986211472284	49.17628156465478
5368	52983.183151209356	44.28156774056144	223.03401836177798	51.085272027775645
5383	36532.15983750072	89.59068477460183	149.92217372730374	179.51662889629603
5398	33159.400474832524	182.2840397230722	230.91878655910492	86.58564987474121
5413	25609.624634953903	91.66442902565002	151.7681737111509	87.08179949553683
5429	17820.20450130813	44.78993050684221	152.8700807006657	43.250900673214346
5444	31033.793067089842	180.99766803111882	299.5281383892894	15378.739346590815
5459	0.0	2084.267364989687	1309.2023551547807	2362.0351507783867
5474	32041.727459853497	91.25085069924593	147.8516534505412	215.68750509785022
5489	34270.39355202203	89.01144931416958	225.39839873066637	44.43845270634629
5504	46460.1663809709	89.69322048104368	73.72690984237008	49.873432058985344
5519	29225.96910059726	134.43081186136232	224.2749412007723	100.90517434546724
5535	19541.672961584107	91.4200403101556	223.00226949450092	174.4886093789898
5550	25780.13286175817	220.4745588648133	74.73400405794382	87.67872090061195
5565	18996.024496203743	0.0	224.6019562246883	87.54696113411337
5580	24606.878164197682	89.74428730543703	148.4977968587633	42.97771188613493
5595	58427.868117077494	134.33719982465266	148.2238906219974	86.25897623501719
5610	37949.23955300566	44.52557476045098	224.47699104532597	86.77550919635222
5625	34750.68482700652	177.54988713143393	223.9393157551624	128.8607884543156
5641	30755.84798174403	88.16117907280102	223.35398937195538	46.740786001086235
5656	18672.773347624832	95.68560069001279	238.204652274549	133.2685444252426
5671	21250.16015307404	176.51148960113525	0.0	49.480549657619555
5686	36401.79820884242	45.22235807403922	300.13922570114954	240.85327946462203
5701	36694.6391264969	89.14803484380245	75.30879456784577	42.74734515590593
5716	31540.683071458894	133.65232697402593	222.815049703829	128.93514657456893
5731	33511.67148723942	0.0	222.18511295914652	0.0
5747	22204.908863896926	177.2932340499945	223.00334190398456	85.81709463138134
5762	17904.4473015511	88.1050530608464	149.17607203844935	175.8621536294371
5777	36288.50033603702	132.99510339327156	74.32407246776856	129.77690110512077
5792	40763.33393309112	89.73731364548206	223.7319270896958	138.47005842972547
5807	35559.30990006867	135.4020631483337	149.1588879454881	99.32718585535883
5822	40446.33053683752	134.12250173027627	297.94766774402933	96.79521562331357
5837	32843.801419988085	132.42835152716842	148.50728196240962	86.0344493296463
5853	34303.051846033704	176.06716063220054	223.66639796837234	127.74758088380098
5868	35479.45451825767	44.19326356646139	74.52223051422742	43.124395792759024
5883	46147.03239259254	135.33389311127365	223.95135899707677	85.17635248529724
5898	38974.46108543515	88.05913186375052	224.39050540861206	178.2850407342799
5913	33911.5225817259	137.70110584363806	76.27162769891322	43.77081301117316
5928	34763.052901156174	88.03524369448424	225.6379870285699	150.52848952040074
5943	38435.84989045869	132.95708478614688	147.9894481157232	98.2006406451948
5959	38034.693302565815	43.62286725373473	224.06936937689778	93.18597189990804
5974	34526.27880358583	271.8934685051255	225.81132897734642	128.64086959019767
5989	31736.721655910696	45.107776383971796	149.8522614277806	87.13425559902564
6004	19277.318478808378	44.44249260127545	223.54595061407423	42.758297968888655
6019	24752.920828653016	132.9659837982757	148.66511235218496	277.60391475202516
6034	97586.36990126745	12074.37174268174	8576.054942930721	42.93941572892479
6049	255.50260660762433	1844.4496992864645	1895.1029615420148	1965.8430091124028
6064	34926.62113247881	132.98366279454902	147.88203667499124	128.4103292113915
6080	37152.616094498	43.5605027377652	221.33581333070063	96.28452575571835
6095	26194.50186035037	136.5827191245323	150.65448489890434	197.53372160373254
6110	18862.0319949715	88.7717392399162	301.58022559488194	46.865276395715775
6125	32380.181014698745	90.50172216614709	150.02767891653812	171.2955449864082
6140	38155.186537903974	132.8716254474409	0.0	86.70013588987291
6155	40474.17276956081	132.63498496351764	224.88147007880735	173.73868865221738
6171	35257.16506840419	90.20413865804672	227.33642764762044	43.77054308078718
6186	36135.53937871422	132.99873129428366	0.0	0.0
6201	36059.240814788114	0.0	322.3751314221695	147.77416575531475
6216	34944.44138042405	134.50792144311592	323.8122796924738	123.14803318947554
6231	37700.35523803986	89.04279308673925	82.34634434945882	46.674895702451465
6246	20976.333108982442	48.89533685384318	258.17577389180656	218.1176874824427
6261	17539.761388648025	131.2767245672643	81.43771935355849	48.630402236804365
6277	19888.309696559863	88.58113284856081	163.0449234752357	174.71741199102252
6292	24311.769160079955	130.9610327799758	243.67095471560955	43.695186922959984
6307	33740.313829965395	44.662035990357396	244.70491058014335	128.48816424183548
6322	32960.664737044615	87.41081704974175	162.43384391472674	42.41433500607498
6337	36450.78720667321	176.02045573979615	161.5784089073539	171.03683425314725
6353	40169.79463770753	87.79329096700997	165.77346525308675	42.25889602150768
6368	35275.627850013785	44.891818044409156	252.0041766186431	100.17268832403235
6383	34803.60856691352	136.22074590995908	82.2678010661155	156.07086971468757
6398	39721.99536023268	90.3001102808118	483.59657832900996	45.72520929887891
6413	48840.96885623429	45.113668218813835	81.46267157196999	127.48774241432547
6428	34567.69869331121	183.54541929019615	162.7180733434204	43.11700320753269
6443	22901.76413306035	0.0	149.7548043055739	42.52087383568287
6459	18968.854180722195	268.7520443186816	225.4754531278694	217.5355854663998
6474	31715.493965376983	88.93384731657802	150.15572035026736	85.37893394439482
6489	16618.722065217193	89.30932638783008	74.31716114821843	130.83097498192916
6504	7488.2665751910945	88.31616044965573	149.22655480740593	85.79259217838757
6519	5605.933966347856	96.07614094828256	222.85726331651676	0.0
6534	9915.688776258412	44.382167181819675	224.51928997560404	199.5386067777872
6550	20067.92903214535	237.2398333031684	73.91479117718059	144.2724704435002
6565	28859.846607708678	0.0	297.05386206585916	85.69162410951219
6580	30989.15454431858	92.92878668233752	299.9682188477181	129.18177765682339
6595	18365.43776060896	132.22048408336937	74.63836473215372	84.32562936444766
6610	25008.684570349753	89.17278439253569	223.5102406758489	85.35897907543928
6625	34451.57841717407	89.01262242173776	74.55135133262257	84.24619417273439
6640	38111.90249013661	133.61041715306695	75.10272731308825	128.61554003527388
6656	33737.01721592806	87.07073713094927	75.2754526201822	84.97605235417373
6671	36583.25298535452	44.17323721369263	0.0	148.86273510339203
6686	33760.733795613734	135.5668463051319	296.9696600674465	51.856578981876375
6701	775.2529744159896	0.0	2038.2564029111013	2014.8297792280466
6716	34774.58765173615	97.19875095039606	300.5576739102602	85.50333125118166
6731	19674.121351566424	45.319849867746235	75.08439781827852	260.2840941443294
6746	18669.90903591943	49.28761182696093	224.3807753281714	0.0
6762	35356.29788968119	226.21665086802096	148.3187435280904	87.04145929418505
6777	41574.812529225856	48.53782375569921	150.85542862918228	0.0
6792	36404.352383005804	94.343141566962	225.23059310103298	87.60320189148187
6807	35083.85180024855	99.92328306734562	152.3869434030447	176.3860135436058
6822	31785.27862215315	90.79304012358189	149.4806301104743	51.27456189037766
6837	18932.000892866836	46.594418776780365	375.3576433123788	104.72677739709616
6852	25963.622774142175	152.74653312410226	79.2932714420557	90.21710910167545
6868	37104.27570925486	49.258102136850354	149.27183144132607	128.26525660331828
6883	36520.08548761869	179.69200902879237	223.68528024994765	86.5535338619072
6898	35684.81632545144	45.70733391718939	226.1322380682081	42.791250939928
6913	39292.30851135752	237.84734643101694	0.0	173.4441901908815
6928	38827.75161199735	0.0	223.79371365085242	128.36976414080243
6943	35006.2360446783	92.58014968321659	148.10802194250746	129.14389190419112
6958	35888.6912547636	223.30554301463997	226.65099353796802	43.37355310522486
6974	39903.95566382257	49.459757775799375	148.03158598333596	193.88003444373606
6989	35107.53228332526	96.31986206620931	373.9468999940902	48.06902867649682
7004	34383.82617359602	92.75361616000534	150.16193097800948	141.3014093651483
7019	34479.82176587327	176.47198019361124	76.31874959758949	84.79366028913297
7034	34477.39879230399	47.30401908755302	149.94542112002148	129.03085661914668
7049	37068.31092585197	153.28521947370842	225.0763614505157	128.26472328402568
7064	40587.2537193568	45.28846239156555	150.59857694450767	43.00044284954667
7080	32382.461319323735	97.03663342595101	74.71858196633868	42.54044134914875
7095	35231.69065981889	183.61603135144338	224.39884337454566	84.98295291203074
7110	35952.436183171354	94.31319132447243	73.90222934063058	148.92735039474908
7125	39706.868639730805	138.99933384322097	222.38185894478113	145.09951107328757
7140	37525.5465922863	137.73282580129802	223.97361806374045	46.779366468940864
7155	34662.913303742076	99.10040990179405	296.8576641455479	86.99439296512864
7170	19787.70961659789	93.01723635874689	73.98211014314555	87.10476923050359
7186	24196.158573474357	141.39410008829086	230.15433871446174	85.09650210822933
7201	34266.069565783626	92.33504136179573	75.9034690533625	86.12591917740181
7216	38573.826123231054	142.43262580163778	74.65645666792989	129.34331386119595
7231	30015.622829951008	87.33177829284222	374.7729843184119	42.25901865449734
7246	19408.514334105515	96.64787276638671	0.0	134.89496658509597
7261	25062.13848962017	90.2706097498536	226.6320492453687	207.50443777060136
7276	35390.31993230849	140.82686316646635	152.47304784148	157.04008243770338
7291	0.0	1403.7991303007584	1306.744884840399	1369.923480540337
7307	34813.94283341456	149.1480337864766	299.5927594554983	86.33157960115001
7322	33442.00579098418	47.34573232892435	149.26740473754705	85.60899783850647
7337	35814.49759275496	160.91848967727276	150.04736679207534	217.51486986516977
7352	31499.200811104776	46.388718163133596	74.14306049308739	42.35941492533311
7367	19336.317760176025	140.22140745795798	222.23762015784627	87.42108223482967
7382	38618.15961850388	195.20677048802375	298.2995960515179	0.0
7397	33731.19435651526	47.368217233945614	73.97105672787875	127.86723534346093
7413	38205.77054672769	102.15567506091669	298.0624597848393	94.3735700845439
7428	10381.907184075752	47.52371401615441	222.67785712184383	198.43744214672594
7443	12597.842644746852	99.09205585998482	79.65688657145016	50.86543807526585
7458	8910.066901483386	144.02467988004906	223.06832003742454	86.43650930358098
7473	15701.259016902884	44.8724000636721	74.62359763780142	42.85209659641609
7488	22068.821689742803	143.93511190682182	223.48306646226905	86.17760019709357
7503	39951.73150780555	148.19370307624342	699.84649669379	171.1035121817887
7519	37176.09507299095	92.0050037309993	237.3115720077697	86.06757910037413
7534	36517.41046077471	45.67878715731204	297.7369791638851	42.7279653829569
7549	29930.994282277054	91.97331879526376	150.60558514141476	128.60362838454543
7564	19977.805954335025	148.2440727902949	224.86391567274927	101.16269307115115
7579	26665.21137758263	136.73876280784606	74.89755776468199	99.48740775233135
7594	34051.62824431956	48.81338592171669	223.7526413294999	86.23496823206544
7610	38200.29126630068	47.190929084066305	0.0	172.71940330127254
7625	27546.179657518154	140.3852868798701	373.1621186926961	85.63200422791765
7641	19618.974158676378	50.20907028422691	74.55924544683657	170.37820689251646
7656	19081.18038417578	140.16282810855657	73.62454238533974	85.29309870885685
7671	18896.34138081414	0.0	299.3944527089037	85.83794315147213
7687	28999.886044599858	178.38694108469412	150.71340351085178	44.23090816595592
7702	45619.08805877093	99.91583562113345	299.80748575666917	216.5020721216919
7717	34655.71637516009	144.6780576968193	0.0	97.61821105629205
7732	37275.54367650151	137.89694845349527	298.100193183776	92.92647451696918
7747	32528.192100671513	134.03701932253318	74.9653782353783	43.441136032724756
7762	37650.72830259415	136.28218207527883	305.21385268270967	172.85148234542459
7777	24219.34695176538	104.15517894946039	74.76667096064426	85.6507147657033
7793	19383.511617611162	97.00894164668397	149.25060819304548	171.4670893395506
7808	31323.419236496364	44.66025997979566	299.7123541378789	0.0
7823	18548.655551114098	89.77436315347441	75.22876103984657	127.98889338646083
7838	18964.665966520748	140.86893532196524	75.05469446907286	85.48871947364881
7853	36275.4500209381	108.10047116592527	224.57437082134186	49.42568713483866
7869	17552.198875849135	228.33055555138273	74.22888274203055	154.27077647075055
7884	19605.75340108627	43.922630450055	149.6934130573459	86.10636980884709
7899	18492.258410701237	91.60297985501587	149.6265157368779	85.98643818500452
7914	18613.485880827007	103.98421840542927	225.25918953269718	85.98277305291035
7929	18744.16570785954	196.30863290727137	74.657162246597	172.59425692262127
7944	20782.748268212268	47.909412661744284	158.40506231624633	84.81740921898745
7959	19868.60864527926	142.14254919839556	148.32791733836754	86.48805259651505
7974	27477.478506147934	52.221982807181774	147.96511386109515	0.0
7990	0.0	1393.8544257411827	2614.6892785801924	2651.5411503104865
8005	32668.05976667963	46.372545404573906	151.7972944585979	50.82999949019868
8020	34005.27527597733	144.95964736946394	378.2922055631876	205.07453851293772
8035	38360.337636866636	97.30568736212328	76.02495961877983	96.86571405898779
8050	32778.54139270663	104.42214194962754	240.2133330986649	88.37761059880256
8065	39334.89156443579	196.10181403629483	150.91986396273597	44.016122163506225
8080	23835.629126429896	141.6594436582178	236.29174156058113	86.774926002156
8096	19478.11914905183	47.606767690875564	300.972698252257	91.10024977368303
8111	29686.874067080542	46.89435117593966	225.6359302008944	173.2330878229253
8126	33227.400276801796	100.8217729384452	0.0	85.0980998258572
8141	47145.314486593445	139.86890352203977	302.16256622549145	85.96920495341531
8156	26496.372076196247	88.46904628451914	297.26588356193156	98.2075856281072
8171	19638.04212367716	49.039791621947664	0.0	103.06427062123083
8187	19824.97950254761	98.86945249403827	299.4630666827783	239.50336424570995
8202	17800.92281205399	188.43425022160633	73.88085176979192	44.30293769557029
8217	30628.811311288802	93.91094550788402	149.86181925683283	131.15052010467275
8232	38673.084661442714	49.247417576690204	147.86069253534077	131.2220740664983
8247	33075.93437903402	93.30732089297845	222.66727551056073	42.473097384646536
8262	34667.08028396335	181.37971698004753	147.47460402360187	43.03752289509866
8277	19303.925845645368	203.11701580286027	380.5657059218734	177.2847743129544
8292	28213.71298675148	53.83573290780187	75.08559046713636	85.80079677902162
8308	51921.547122968506	48.08297267097514	223.74702882561834	102.45545056885108
8323	34893.910332847685	133.16891860024072	148.23919259611517	165.21496457755563
8338	36097.386342968035	145.66288504286206	150.96637236893176	87.04864077121019
8353	38907.42426639557	46.29428444016259	222.70875539068135	86.43047784869559
8368	38752.9263901313	141.80866074264048	223.914093807349	128.74954999088308
8383	34870.670807253315	89.70782137960195	75.02930280089379	127.77970129614697
8398	37517.76571089988	132.42424199480564	227.64910587877034	85.474045205703
8414	34946.05963756336	48.49057902395725	152.61588073743508	43.179490661728195
8429	37936.69419662811	96.60667497449555	302.47869461864235	127.14188213186804
8444	38034.2657467246	180.89005864487962	75.20293525703251	42.657346124202014
8459	36417.83706737809	89.70324916191399	149.60059403053484	98.20264142341912
8474	25090.26890729219	191.49027680264786	74.48051831118296	102.05825774818659
8489	18756.150733819304	98.91132993802428	74.06556366930715	150.83136320999824
8505	22669.85366726266	47.31856812404934	147.7594726441987	172.4493856072426
8520	17666.079243427095	44.62777715254109	147.20892124556005	129.4381797125889
8535	33069.03848955564	89.36353955441155	224.02947148368696	87.80423598381691
8550	31299.945694777372	51.183981189890766	150.2759826613497	42.93118807661813
8565	32740.636884655953	189.09132689349354	148.1782834034413	0.0
8580	35809.100271721974	0.0	149.46712773237377	128.67617219979408
8595	176238.96695645867	16438.009913373273	12190.764443873764	1337.4518117436487
8611	282.3092073708773	2379.2906967261806	1218.5315461486578	47.27711375653744
8626	35300.63125630751	48.9326315694768	149.56378279843366	104.55615151926875
8641	38570.37608219172	46.65931531175505	458.0142305776477	48.88147838953883
8656	35091.98385971643	201.47692338919268	238.5426961964881	43.143311378634536
8671	36658.19777981009	0.0	224.8939517916832	125.9198258279264
8686	34666.01189064991	138.95653802582996	149.00794919133187	86.1962886717543
8701	33392.408497610435	174.31918912854044	373.4520342001691	84.93055049329996
8717	37271.39246959094	0.0	0.0	86.92650903396309
8732	34950.476608111894	132.65749621928202	306.14871986266223	168.6481458882801
8747	39566.653409636994	140.15511865727137	0.0	42.93463424416725
8762	34765.81878569765	88.80193502915091	223.8154090618668	170.87438833296298
8777	25072.119536933154	89.56806068767793	226.565122961998	0.0
8792	18833.051341103474	49.402386862244455	75.1213154202886	88.71435027764178
8807	20559.477470989095	46.341927814744416	224.44480291899293	148.72669851571786
8823	21513.324265496805	91.35852783124894	149.57278730073944	99.31491540273652
8838	35545.03986972106	91.92450935393572	223.47849869479427	131.4694253777247
8853	36386.598260588675	90.45708827011288	150.06670732051134	42.86477144568693
8868	36793.91239436318	134.97498325738127	223.88476287636905	86.15216285151429
8883	38769.236211140305	93.13910675793886	74.26133527695201	132.33397272925356
8898	33039.371614018455	179.69759283959866	148.59968834406698	49.4867484057555
8913	36814.146717117874	89.18504474665038	222.590963498326	146.250885863062
8929	38491.46300732072	47.219391704662705	149.76311069783753	130.39822808458004
8944	38730.60650642098	135.3294115372002	223.41569831594825	127.61453968998043
8959	35540.40931868673	46.907009344697	298.42558397712185	43.442777207619514
8974	34368.35076939883	145.61553159332368	149.34771237969397	129.6235750909662
8989	38358.418938279414	46.59677820639685	75.36431709764526	129.3640250859037
9004	34170.69028872298	183.60713801583276	0.0	85.35748798783868
9019	38786.60458737356	87.69227871528827	221.69757058840247	43.309626122005284
9035	37016.571415733546	180.96153505921365	74.01200645207427	89.71905046403408
9050	36198.86842159198	86.7502328545414	298.31433052906766	154.8977613550611
9065	35100.95318340478	198.90909899704158	74.9609253617283	47.598958573937416
9080	38201.775996188204	44.94430670804344	74.33822594487575	133.68237929658966
9095	33616.793606630046	131.9706486314535	73.68161696643102	170.54150609448553
9110	27071.649610598706	43.850417848341166	223.16491714529695	86.85648815342225
9125	19570.591358277015	185.65355209290982	148.6970744250156	127.6214068577299
9141	27887.378279245793	45.17524266995955	226.1052532994421	86.71019255486317
9156	30874.889578067625	92.59501583238132	74.03796759173274	43.10006273455918
9171	1113.3033212228493	3507.4792789528146	1963.4961235009878	86.63719448944553
9186	20831.124625633434	45.60266492413357	74.13243391074705	1993.984977972228
9201	56240.427710979995	179.6082496585138	300.86652932167055	101.73210960617288
9216	23064.06063128024	89.94996849372983	74.34938170596958	97.81685216587037
9231	19883.73275011238	45.7694296400249	413.27413895819336	43.32808845616412
9247	31330.68900714002	101.85581363477745	84.62555227487813	96.68723022085615
9262	23171.18752663862	131.41740225850603	243.07857617211062	131.60998784407508
9277	19017.912846302985	44.72990763386246	229.3842626993358	127.98738108202815
9292	18861.170853720454	130.1199636008078	308.2899547427893	85.3919616907835
9307	18604.51261563072	89.25203315665945	76.51034291956108	85.80873876362108
9322	18221.515346280696	88.79475458413363	160.68827922105788	85.22187283694744
9337	19204.85062541673	177.33297120472417	325.55758611649276	51.16312044136226
9353	36383.172954052534	0.0	0.0	104.32359618254006
9368	19033.27315908065	134.32911129330284	163.41926151713358	93.13919287490658
9383	23474.762128134174	90.6685185607709	330.64348174721005	86.69724507369101
9398	35963.57574666842	87.46333864182233	81.10182918421458	84.73642217054963
9413	38840.14220487826	85.85626587408595	238.4830728113651	85.70736290186643
9428	29010.9504676871	88.1802211806178	161.94194484542123	127.29324329797177
9443	17854.528635045113	87.38836137732491	166.85509336664342	126.7011151017202
9459	33786.640464657205	44.08288147741463	84.64119358181487	42.55935362148564
9474	25649.578885703533	131.7232426395826	325.0345902474783	133.89599189534783
9489	19164.26612711083	175.94664540216326	0.0	111.73946230321191
9504	30831.67639419723	0.0	234.78722837139384	95.82016341054812
9519	22708.426813305432	131.58968322980684	155.27931716538967	127.97866106808186
9534	19839.914080013987	130.3474900357425	236.3421513622161	42.19028291925788
9549	26183.062778148837	44.12181890618056	77.76423392329365	128.49958390457556
9565	19677.244292578325	87.31232736452483	310.39190593361855	42.750069455057385
9580	29367.707489496708	133.5040857307613	225.4994534901157	85.22114768665284
9595	36095.30684310773	43.52089636275545	74.95758913854603	126.83080092790536
9610	39252.9649992533	88.07381281714886	147.78998265713454	86.00989487171174
9625	36818.19931401914	131.34550688332413	149.59740252323448	84.8098870178964
9640	35721.47426718353	88.90719233838841	149.3556858163327	161.3479512263322
9655	35969.96114820153	86.90530279596337	151.19663664964028	0.0
9671	35957.89563899802	172.64225050717593	74.79102948021144	182.4715102314949
9686	39152.044684536435	134.98115806429647	149.38371987327935	0.0
9701	34408.232689147306	135.46185601993932	223.07743504654616	172.34656200451775
9716	35053.85504434672	47.760764278681016	149.31299073421397	84.64425083599053
9731	34671.977446726036	92.32716414199211	74.71564588900655	86.43621863351204
9746	35283.61972235003	44.60696146525443	151.27695191689767	172.07582033370622
9761	35536.873937320706	179.07443093907088	149.62257365337572	0.0
9777	34443.804797400764	131.9799872553907	224.070302509577	85.9891061856877
9792	33757.322590317344	45.689051648424936	150.35766290426255	156.30279566204175
9807	17907.447151958942	131.21788839604238	149.19780277870595	107.53658300280571
9826	25584.327978315672	46.31480465002358	222.2746127885068	43.6084908455424
9841	1550.0782859563828	2793.381808348596	2610.076792097837	2018.489520391915
9856	35142.450903585916	48.433616556515915	158.16489220447838	86.76982988560572
9871	37135.122831763416	88.5948162268009	224.0448891602084	85.8260185409803
9886	50659.31347434364	46.51722794082947	149.55453741895965	85.13274446682072
9901	34676.81187084481	174.28140295229852	229.57168896275573	170.5119236625731
9917	39834.27456675021	0.0	74.70283846691251	85.93819197600708
9932	31344.940380646316	48.25118143889588	226.31510771392846	84.51967447470874
9947	33699.94176689051	242.80539222445805	74.1340359102562	98.97859279974364
9962	42002.59346323111	87.32502997622825	223.98061968330757	98.61331671692432
9977	36211.0385457938	138.37260955899953	223.25376602411268	89.99844184476882
9992	24018.354152304164	92.2852853834629	150.83868067374453	85.75159299606457
10008	19326.672971315125	97.00995045304299	298.60798397257923	132.39780083362945
10023	35124.595528753096	184.73770330533387	223.66389061018828	42.372408683532846
10038	47919.524466229836	0.0	223.54867898706345	127.5807175839739
10053	24735.171466500775	148.01645438969138	0.0	170.54075298232956
10068	18367.39944051197	87.3648703996651	371.8796699502971	85.31010001181625
10083	28912.447125240935	89.83278663605452	150.1711884849239	42.596152070490646
10098	53813.119737469984	54.52284862288274	150.70366710863075	96.6752961033862
10114	38928.306995252504	180.87510531624778	0.0	202.8420889412798
10129	32976.11011690822	133.37051940186416	300.32103533545506	47.173420329582875
10144	35394.91785490976	94.83769212202169	225.79812444335317	130.86645703424233
10159	38156.06136452809	189.11541565597057	149.7431383736152	131.2601308614621
10174	37016.93572446598	48.47671159222722	149.64355984181165	87.58558994606138
10190	30523.50045306772	224.56327078983188	149.4843528247904	43.44252569371369
10205	33344.90281386938	102.29157559894026	223.71269103556403	84.35816616176628
10220	38555.227344907085	141.12783872022294	149.39817073972895	170.69799873771146
10235	36541.82970780011	48.86910151379183	74.6568865122646	86.21790293985978
10250	40901.054499331716	176.36342468271033	74.11577257539611	151.95593823818956
10265	20499.734310407603	180.07716255279257	224.41568606573156	145.5404377681855
10280	20275.005522642397	48.85012237439864	74.63871785184368	46.85870150959119
10296	34393.873951694964	134.3092713464191	222.40130306606648	171.51955710081384
10311	14672.023131434657	0.0	150.23432415333576	42.925076022986325
10326	6245.855885780528	140.67980422005058	148.02233709321357	127.03978788779116
10341	9514.248074116671	97.48385131795891	76.13441163127311	42.68195004396606
10356	12718.471594488577	179.7778641164303	149.3478700339794	216.2175016109459
10371	27088.40074118711	47.65547585092485	153.3581527889706	87.1312883464992
10386	36902.49808295678	96.37165550804697	0.0	85.48249434451573
10402	35240.69515183467	47.946630588769914	377.0397622634889	0.0
10417	31797.790329366762	93.71773653781973	74.72231791669503	85.71809335872531
10432	1146.369942924301	2773.864876355175	1994.0669872917608	2735.599616374746
10447	34195.89928720233	48.52317494480405	238.32433027713097	102.45123087516986
10462	30709.21948916299	146.23249248750506	224.10581040166318	43.09781891812105
10477	32239.3995840694	96.08482947993092	152.0696062849462	171.50466159231962
10492	34339.00764212869	221.3332512329565	374.56068942924026	43.08032683432102
10508	38515.94317433268	91.61402979271486	148.2769469127059	86.1524221140612
10523	33840.384651179425	93.21509171227925	74.82027900367976	170.65593402592467
10538	33265.12592417747	0.0	221.33331138478127	47.011892215451226
10553	33852.1850108362	138.1800456275046	223.9574844066007	50.37228878119961
10568	38123.196000115095	134.07217013150452	0.0	224.98445279230364
10583	28149.365202167817	45.860342879188245	149.9319585724175	86.13241418898106
10598	18084.577241644998	154.88025791041554	296.62382044952363	0.0
10614	23064.793375447633	90.3120817724336	225.80115609392521	128.51753839999435
10629	20412.370556806214	88.78505973497406	222.48762333781926	128.80465898931027
10644	20533.833279482275	141.84408957167062	74.99455328700598	85.72096017021686
10659	45527.491848901955	49.107220574766394	222.68584427262192	133.70233830316923
10674	35454.722245095	141.06450539228507	149.90852683839387	49.14091050725896
10689	37066.82609987665	135.44215963885188	149.13825104236602	197.0008970968239
10704	21087.944800760688	0.0	225.59536247725134	43.7662559365388
10720	18333.903899544923	191.8843736410141	148.93751813709736	86.42023757984862
10735	51022.37925735824	0.0	149.74606692939997	86.7596025496535
10750	35330.41528095559	232.09839904983528	148.8098774841428	86.0256762433704
10765	33685.834734773656	92.9060940199811	224.58982378207145	173.52795532157646
10780	19161.037588940362	45.3871337374812	150.398311178796	42.84974612997845
10795	19485.989310878816	48.55220652306453	150.2322281362675	129.6475777590042
10810	17655.844380398114	185.2592138260603	226.26125588066876	171.87262949500234
10826	26029.153567261903	44.94174892479088	75.5460291685583	0.0
10841	34564.31389370441	300.94336346715687	0.0	101.35660673975944
10856	34335.00320105955	0.0	298.9216440852173	183.11211232446135
10871	39150.94999184441	88.12750873326324	152.14675544127823	86.20092732667923
10886	23411.173976205664	147.33647478127386	150.73363697485067	87.00178171055391
10901	19359.253279143384	94.73365545511246	150.50310622056946	86.00888925589621
10916	33304.324218641144	47.03479900881648	149.7854975217115	86.38934898227453
10931	22984.177872556513	192.39897401299328	149.70178368262947	86.477402792871
10947	17767.349131774903	44.812350891656244	155.45595114056022	129.4092765317112
10962	31147.710861369967	192.83903153445573	150.51741385127417	138.63602661534213
10977	28585.92743904004	0.0	228.26560853698754	99.44338089108467
10992	20472.400760023444	91.21375786951744	148.79842871117407	50.655733770979566
11007	46258.47589822017	44.62144797284622	225.43054931004065	43.315489335991444
11022	33196.379922679684	141.70483205725438	74.3988560546143	43.27160873777233
11037	31540.84231982685	103.84239692547358	301.92375593580306	48.51998250772711
11053	18064.768838695938	0.0	157.84217219696382	86.89922791874037
11068	81476.96772402561	10988.70646994574	8901.76137127904	2749.338299892377
11083	519.044751965627	1853.6439014299215	2518.438335028589	131.57600152784028
11098	32113.60595749051	92.4643781090714	229.646551567968	87.00178291049787
11113	40020.82904475137	146.5005560061615	149.00388440667652	89.93542160956189
11128	33276.81329791631	44.524348980379294	226.0957757294504	197.80760607339442
11144	38220.28960833685	93.74813101566397	74.18752415830735	108.72931491421535
11159	33198.47726228435	189.906387437433	148.823987107696	86.83091019529849
11174	33526.03081024979	137.17428675938396	223.4248257107148	42.91159320962149
11189	33041.497525680476	44.28267934567295	149.86871197533793	129.17513313062489
11204	34939.98127086347	89.89138838444836	74.30982637700158	84.83822822224349
11219	24012.611502339245	92.21051570748911	298.7410874643177	42.75252912671771
11234	8438.378313692108	89.01668017157354	0.0	171.68722404621542
11250	9243.013621197222	143.6325340935029	374.52456817675846	170.86317863695322
11265	11648.723249991843	44.023507013446654	0.0	84.90077263116837
11280	18503.977278095084	145.72930099437946	149.06913592037745	102.04100611343979
11295	36992.63008243064	132.58266334754416	374.04948974750005	0.0
11310	36633.02358274399	43.939368470138874	74.13043134748936	129.03316729296932
11325	49289.894207962185	137.65572020230348	148.8181633710023	85.39646649934352
11340	32873.937771702556	48.99666307216976	223.43156343975107	127.3864636619389
11356	36035.826884880065	134.08654408521485	149.61930601507424	43.42424742367118
11371	36265.957145581735	88.18572962005622	148.76682876102626	130.10748679510317
11386	41938.09515948474	139.1415488294279	150.1938639714662	85.04779547648505
11401	32906.607768589856	143.426760038808	298.8812626759708	84.02668308673427
11416	35536.43409158304	89.55364891570993	147.95574107268826	85.36205452531576
11431	34886.91777759731	87.47251456554048	149.484737621909	155.15300550070592
11446	20090.061488150757	131.93846715452614	149.03334194213153	53.24131409674883
11462	23558.037117426982	0.0	150.22036435430869	85.37872031818144
11477	36201.320599243976	101.81557507166639	150.54938671748153	129.9343586077122
11492	33629.15936836063	88.13563838005066	148.8865363940317	42.95759047249798
11507	34245.96807873721	88.12392000912689	74.7604362270562	100.9941630244255
11522	39200.29223990094	190.63709682002664	149.63809224248863	94.90735968796537
11537	35879.956342684185	92.7796597838495	222.99072922718244	127.48525343413465
11552	34059.33143518556	0.0	0.0	129.8791415898828
11568	37372.119413947876	90.95742512227967	75.02446160619147	136.04009115162773
11583	39605.89414453536	94.88986978769303	226.90914290422575	51.98577365081757
11598	33440.36946208031	89.82457950116135	151.52390913799405	48.739647808670995
11613	34798.90390209541	133.01256887108087	299.94953214067965	86.24681743532419
11628	38230.25537935153	139.99861731491984	229.87975971143692	85.79848940062337
11643	36536.585119651216	50.63130362266675	238.19817699466364	94.95597647741437
11658	1193.7161087997256	2779.1134175474567	2626.828177713454	8397.161764366998
11674	35525.3788967371	45.53595696893521	76.80161566528027	2469.0166390389204
11689	34074.82926000398	137.99917277733329	226.69330198232086	86.3039912405517
11704	33681.865306322594	44.13983808884397	162.20730657541193	85.45784054964781
11719	43336.63969235755	133.0345785708027	171.34789720997213	157.81010523580483
11734	34491.345062429136	96.32942346483469	177.85935574032365	48.30707142176572
11749	32993.89011056066	45.8406247921288	155.8573571577668	173.28434732886032
11764	23609.202171501962	178.27552208527922	74.79179792404175	42.711355936992916
11779	19996.749667345473	44.15677500307094	226.11289115017746	87.41542046964169
11795	34908.25210123877	134.50323042069095	297.93897125154734	85.65955419835635
11810	35955.9076899107	92.56215518057347	0.0	85.57380701525136
11825	33995.83193077555	89.0850514922291	223.7230194869265	127.7002055861056
11840	35477.25812948383	88.19093490405008	150.30398470923305	130.51108966965694
11855	35241.816842210406	87.33441216480918	73.86832349861507	92.81724824286998
11870	37334.35451561152	88.79354892931879	376.7914828164503	100.6734900653921
11885	32520.439866503002	138.72907831516116	149.36794696748257	45.74159329627175
11901	33251.82642113134	88.60498635411263	223.6721211091429	129.0688578132307
11916	58718.595981500424	87.65639919166453	148.23149187728762	85.46935534081422
11931	35031.1320686589	132.63510081172922	298.7020676451549	85.20386407404207
11946	35672.34121081093	130.7537474739086	0.0	168.06580001935362
11961	39053.81406353213	47.21915098849218	298.9716651593335	84.66592920392752
11976	36271.34857674464	87.96742447167635	148.88820469647646	0.0
11991	35287.30709361506	88.50274709589779	301.24692930329593	128.3918910462549
12007	36406.61194357577	133.03074563681614	149.3158492475003	136.8039627276035
12022	19774.978377930147	0.0	75.16301376315299	199.077719322294
12037	21959.144910860487	133.01606453288812	224.1093364157388	43.441933306758294
12052	34087.88582511275	177.5993414230831	75.3871254093945	86.70354098826647
12067	21060.38237624138	88.99066821062938	74.70515309348703	127.1737660068227
12082	18562.48944265989	89.1998063400574	74.75427656365093	85.97210644684732
12097	19715.260325635467	43.60092304584104	73.98716682261322	84.76660603931174
12113	23436.57414839864	131.49226886276622	149.488766556317	84.74388263899833
12128	33439.77157130275	131.72444907103198	296.3751750960946	171.24635339856147
12143	34813.11630214372	45.34083736031782	76.44162168399431	90.57905527979136
12158	32050.257262477873	88.57524035871029	73.6790049846284	149.29361467167735
12173	38443.70426631629	175.3714405984478	224.02664187781514	102.69786143703386
12188	34875.552286657636	44.295234074951146	74.63796311614104	46.01011644836515
12203	32528.53689924445	131.47292693382593	225.30687752060126	43.20914065606892
12218	24362.82548333867	0.0	220.83397256399041	86.04825312633068
12234	18423.099113196135	89.54979617809877	150.01289665848017	47.093547059129925
12249	1154.479327886249	1397.7716371819376	2717.8905303168854	1360.5484484113008
12264	32344.847991582825	93.94196398124099	234.6695498115616	132.78014332205055
12279	25794.862747175855	178.21808950277045	152.18844838291406	127.78223458013032
12294	18434.68004290521	43.44782350481953	225.26025608423635	170.0484794736095
12309	27446.00502029306	88.6111125844717	308.7994821792841	0.0
12324	33746.6727567173	131.23469888493418	75.11293821152765	147.62664755239618
12340	10713.16104314961	86.63225513407029	222.16044661648573	93.47440443576313
12355	12642.305214251637	132.4993366596848	74.12709879898	42.27691649241373
12370	13400.220782130995	130.75427422923502	223.9139583371021	171.7201257325709
12385	10359.929990157189	87.64958727709949	223.5491821424011	85.2807955779694
12400	19324.830047174448	0.0	0.0	128.6810710693896
12415	32266.28842642917	173.9524306464009	372.0080298780464	84.81121716707945
12430	32856.98260093341	43.77366487568244	74.61565395519138	42.96222812258173
12446	25400.516233829956	174.49971931312234	150.23439026238395	147.3985043046344
12461	19939.21870483814	87.98977319799364	298.17180608868597	148.604303052742
12476	27170.33890319902	129.92336843198632	149.21405237554572	85.86055103555321
12491	26636.95857898876	87.35545285130851	224.28051589887588	85.6829666372016
12506	20324.239698775105	45.27384047171101	149.2675036536064	129.43741583806928
12521	28758.32434643358	45.080596127011816	222.30134466428774	85.633477587346
12536	30227.049511013298	132.39716397483832	149.34470253386536	84.16348527482711
12552	20033.169438689612	133.13606884182897	149.22756091564895	128.18656370475424
12567	19734.086650414578	87.04368225742131	223.71284886428623	87.01545005787165
12582	19675.295989777205	45.43599605135154	74.92034015208483	44.45934849977028
12597	19380.564364987426	177.7753723690845	149.05557404436172	189.97910639462992
12612	18800.462178006135	133.68037885196506	75.19059575387277	50.66044148247689
12627	31499.492007008004	132.30401902422307	223.44246511865873	128.73341894094833
12642	37043.893271775356	89.47078763693571	74.48766863224563	86.05235301575624
12658	37515.36261160031	86.70379686869681	223.86595796836542	42.140838616816325
12673	35286.58608108656	45.68338479481638	75.4362862034468	42.81882151017431
12688	17888.75819975641	133.34658778638112	148.77670510664584	170.79968163060025
12703	11443.165154802204	133.29093188788278	298.1685041407682	43.07013499910012
12718	10224.514651722526	44.15275998711586	74.65026896920055	84.74251707365737
12733	10539.12606063988	132.505951153622	225.37988844629376	86.1816013082955
12748	9171.074084568816	46.59813116124831	225.1349019872211	247.9661040858831
12764	22955.627724813	136.776660212148	149.1920657873433	50.71441498388536
12779	34406.41455617055	185.92907184029	0.0	43.402681947648524
12794	35206.842311486456	44.622392679657786	372.83397826291616	89.75499848168343
12809	36670.10304504097	86.99749840646982	74.80179768216796	43.063731208229434
12824	59537.79175005022	88.65277103550733	73.9872781516565	127.00623325802385
12839	36954.33746788665	44.37844226919115	148.79556960877963	47.258629601402205
12855	19404.609060756047	147.54905746760778	317.28056010603905	129.48444196593482
12870	23444.02066382859	93.05570645101369	151.1626258274913	0.0
12885	33552.53520124345	0.0	222.74767520529684	130.50083515595645
12900	36273.18571812211	180.3777862906456	150.12916226105764	51.166223381981254
12915	38512.27619089812	133.63260107355194	223.72997174735184	100.58179991394282
12930	37251.30598269543	43.72175366229843	225.52112497354858	130.11539181833155
12945	47794.389072188496	90.53063354121521	74.77158257812262	43.938191584479064
12961	34928.264096029896	94.39330833773128	150.00957006613723	86.47760466930457
12976	1216.0442344275489	2096.361646817252	3295.47970428213	3965.893129446348
12991	32646.572998816046	181.4138962293975	302.3734286097065	42.74013544346671
13006	36077.67976542334	179.3144369469583	149.78771065347829	43.1413665019162
13021	35163.01418381594	45.86992047280073	155.0302291977033	174.11359878903255
13036	46078.11135890514	134.2643341095932	302.093145734407	86.90584071582184
13051	44854.23995799422	142.68206237583885	75.95024676915259	146.8382296628505
13067	34505.92876697839	90.85762406945229	298.6682970702648	98.12671889748424
13082	32443.41539347732	89.0660876620654	75.07640602532774	139.89968674073464
13097	36080.63832762547	88.51520366966724	223.88416140971702	86.11026764206588
13112	39472.90787826475	44.37009661060758	150.54063994362951	130.65482820646372
13127	13145.99606153597	176.78914879262447	0.0	0.0
13142	11546.41541156753	48.208028945997356	370.82408659218345	172.71586652182043
13157	15423.454220773941	134.2124788031727	299.4014803336747	42.770885702236555
13173	30662.39746301869	45.129111057831906	149.88585527926682	174.33362984128297
13188	35931.60762140785	132.475907618911	148.48688003838063	85.47565228390508
13203	42879.49743505389	87.71601748823188	296.5087411954254	0.0
13218	34870.32335346043	137.46147822853177	74.59125015288592	203.23327200036496
13233	34776.142266319024	132.49491492765023	223.7581998373708	0.0
13248	39975.246432107066	89.34701097193174	0.0	129.4144414101122
13263	48874.38092554945	173.68104729330167	148.3032956501562	42.42206983631942
13279	34767.57230292889	0.0	304.9463683662936	212.6513241424458
13294	44046.816935106166	131.86508411988615	148.60453660399654	42.911897541699
13309	18596.21983613981	95.59799787565134	150.09972921813838	85.63828011171893
13324	23466.780967856514	87.147812487185	74.2727661840571	128.05220511216672
13339	40325.48850765435	45.340319050103425	226.6869562572241	129.34241468357854
13354	34354.13746558002	181.09689241051674	0.0	96.7946599134244
13369	37323.57127676612	134.27029784101993	224.3909852791764	198.3213309724629
13385	34590.03908055425	45.84656568109989	74.62306494154036	48.13482328846119
13400	19067.397221317035	48.942460961937904	150.37378386706115	88.03068790670484
13415	25201.359642253214	89.64175601894036	297.6739116132259	43.334834346645515
13430	37048.505608430474	88.30576963481494	224.15027967341246	85.97220982206053
13445	34108.80280915163	98.8435334772896	237.70726537406446	47.00711719289422
13461	32684.035543526858	89.88292450614273	0.0	128.83513526753057
13476	34226.360972898525	44.13680032378528	298.82697085322815	42.387170309526844
13491	37153.86779650144	91.62262105107307	74.55835366681684	42.70468593528494
13506	33531.42469021898	88.14443212844431	148.21082655519248	137.44905869624577
13522	32944.855429672905	133.09404783106874	149.75461844943464	99.06413548802026
13537	38102.230787970606	44.29433229349088	225.77248331470415	87.07604639374651
13552	37159.1845642687	132.87403403297066	224.0966648203181	42.805505096386185
13567	65694.99972692145	5850.8779141696305	4895.383840918109	3210.8840732490644
13582	929.1218705886276	3251.4628353863955	1916.6474088929592	2481.7692841879466
13597	41145.24451207928	134.2338783847634	150.2778281704802	128.36815508674366
13612	30127.661678445562	90.8291733160615	229.3150748483185	85.6216526751779
13628	18242.81352999687	131.05506371587515	149.2103703198675	44.74897240921389
13643	19868.62733117947	46.60839577226434	299.9799968820065	138.5297296632221
13658	19016.88171119631	133.58305917218328	149.6073908123374	0.0
13673	28184.441345295207	95.25990034154616	223.58776220538653	183.48685565169902
13688	36268.54932397641	91.56466120898723	0.0	86.81265535049141
13703	25046.830842165575	91.97276978936978	379.1765350114787	86.62453501506708
13719	18965.336657103242	93.30506281054579	75.40424027502537	171.74253180556
13734	53147.14513356351	131.95565426311455	149.20162310302257	42.57158166579902
13749	39871.03315427159	43.797463714499024	148.0706136941444	129.3066873237491
13764	36334.591290858676	194.1250625971891	298.99909825179725	86.54575647605583
13779	37371.060911122186	47.59319829594344	75.62354766726494	85.22153368497267
13794	38109.55192694844	137.73307932292576	298.3141821425222	92.17273959921673
13809	38397.26744945253	44.82186340501066	74.62702216256875	50.3580389522016
13825	36525.09196224885	132.26575681739484	223.90275606407783	194.63109293103219
13840	36882.17445865601	46.08136829079129	227.03055967784488	44.08953799130861
13855	38097.316427343976	143.34828955766278	150.13599234561437	87.25361600346864
13870	26097.395575647133	91.20625120602548	148.8588435982261	172.69556723261252
13885	21691.144074428612	194.22844873560592	226.16615863383282	85.36872526854276
13900	32427.56951760072	88.9650959556643	149.4848300455604	84.74755093586631
13915	33976.68287534875	138.84689435572363	147.742154712528	84.4608976276964
13931	36170.608937900164	95.43416210426018	148.61991843500175	171.3300026525557
13946	36103.40958960895	47.150444413349035	223.97598935298623	174.92030883947388
13961	16307.179287065179	95.13141086864285	149.44214163817466	52.3773641769588
13976	11959.798567075059	138.5553133768821	74.75498905899468	50.283061833679675
13991	11833.114299180508	0.0	74.49875293202699	130.8516773877293
14006	11948.501896409858	94.23025175034999	298.5816921324469	0.0
14021	13462.706564200316	137.4817186114937	149.30998868361115	85.51017106887885
14037	18567.805183753884	87.6247957250569	74.5189341750741	143.7189433855098
14052	27032.31214496889	0.0	477.26819236949086	43.785504128714095
14067	37138.343934097145	95.07398958951235	0.0	85.44491791137494
14082	34063.74002332948	47.697339421212675	225.07205443784594	85.72111993404106
14097	35714.79670379059	45.739388390174135	149.89736230370588	45.920583529598076
14112	37028.323856566894	179.92306942280382	149.4907674455177	201.50662087069824
14127	34993.83840878794	188.7504258898087	225.35498171301094	145.17981982356403
14142	38134.26624684715	93.60825008320622	149.53682795017957	128.44649498462678
14158	34952.40738332018	90.31897263824939	299.19874252982436	43.19237422683276
14173	35008.68627830949	95.40768823876977	148.42077546812595	172.25034844106062
14188	46146.345534764194	140.8139078078745	224.73986618123016	16339.437970105699
14203	741.8109683244676	2093.1487947600613	1985.7185057214879	2364.5165931787715
14218	34369.68537563458	137.7175807189755	151.87084474397824	0.0
14233	36448.90546787936	92.70769665680825	149.08398734224028	215.37404615753331
14249	34943.567520280754	48.279994807038456	233.04115282170474	190.65332986474039
14264	18796.772428062297	133.54711125926582	148.67129901647567	0.0
14279	25750.08305076044	142.8420885772258	149.074100728333	49.20232327050995
14294	32550.810309517365	91.25283782064915	370.5904216073686	179.19928832054137
14309	26598.667718437977	89.85550845498219	0.0	42.969258959591386
14324	20257.41546623105	151.64367101937535	221.14722882024944	127.98654723912477
14339	31221.518488366517	131.84390451014042	149.23966956079005	84.17199393361807
14355	36971.90352133652	90.64124945407734	296.10429426120595	170.49806259674952
14370	36459.25844457803	94.88824494956062	74.80718182235957	43.72350673060399
14385	38083.19250188416	93.0851074963808	225.62969390566462	42.49739003652241
14400	37282.17703770313	137.6767299517058	150.63114516782574	42.90287107098382
14415	34376.38467201471	137.5144247129839	149.6001394459419	195.55539671888576
14430	37768.91848929565	0.0	151.06931559895165	52.391563268825415
14446	36064.53447937519	95.7391621644795	148.94646717458963	131.5537271797657
14461	35190.45624472026	218.0681037733564	225.10957159072626	85.75872764800675
14476	34390.37742376618	143.0278000318911	74.21275813357904	214.3175277859205
14491	26594.992400890125	133.55520369403996	150.37079204337672	43.738579070796256
14506	11368.158829848282	48.69448384767864	74.79575485281646	128.08152869184036
14521	5069.9732688643735	138.6917559698224	74.46089756702072	42.43973834423348
14536	15653.903188192082	43.68405184037984	222.79256429994945	220.33365835102742
14552	15269.407198270317	141.93490960130933	304.2597588121891	153.0693985695066
14567	33668.20799263477	93.81018425230869	230.34053063813133	49.60243234756868
14582	36868.032219382374	187.20578990738838	74.9772131325677	131.0772510943841
14597	40852.46399932075	48.62181621842086	148.46283829063177	43.25158627383411
14612	36472.6985754389	90.64895206987858	228.47507225505544	85.47854368254542
14627	29136.182442603196	0.0	222.20369925071486	0.0
14643	16805.668672566444	156.11270608266815	236.03767542779445	92.91748994828203
14658	18928.21494048387	46.99816678125411	223.21215411365034	85.49853111550212
14673	32514.36874215508	91.50717083293945	148.4834064155817	42.2643108259514
14688	24785.664675525008	44.37151325169485	74.30634887604509	170.37882793538273
14703	18857.49393884337	181.27003768622876	232.15855559903662	50.543811073671094
14718	18921.34765933357	49.44619624914601	149.66779687553645	100.08817815075628
14733	19924.18854021461	90.17524231418967	299.20573878681284	174.87721744704993
14748	31860.862824733078	90.65369900196791	74.06502581425943	0.0
14764	22306.702692478746	87.40127072189003	296.37081912614406	171.70968303732573
14779	9522.619464372061	95.70329178642481	74.47318294064607	85.52351713690906
14794	13792.723497547348	91.87195681298152	295.1223776181042	128.33580377892125
14809	4101.044848201135	87.47471233825199	148.52811741895042	128.89713107429446
14824	20246.285967857628	137.22678195789456	222.84881550748833	0.0
14839	33378.934284775125	48.61057509932667	298.97526722453534	133.769732045196
14854	36128.16939299735	188.46234361052512	73.92172989100217	100.94237373858691
14870	186027.73534636683	194.73855346333235	701.685985682346	144.11990650221708
14885	203.04505285006016	728297.905966014	698663.1709293772	1320.3516719469242
14900	33129.87998825041	134.51419106292073	148.48538577453235	129.15905454654245
14915	35340.175660972316	139.8187745793583	148.0590083302837	85.4059702515602
14930	40112.88659912385	143.79042884170545	223.2301611176692	85.95030766651966
14945	42353.474887511366	46.65808495050762	230.28739768266678	85.10313441976905
14960	32073.823365665954	95.23254382915795	74.26352109981235	84.80522916494868
14976	19646.756146121344	89.0976301162038	149.01434713639318	128.31741044393277
14991	23613.993214658396	132.7297933546314	223.65632952113168	43.12580748816952
15006	32418.164516491815	141.47686228831765	148.3559933512844	94.80266224474646
15021	9610.552821325762	44.58108863532543	223.4773284205841	97.90253559246659
15036	9790.425817095618	142.34532203525305	73.69954295251519	91.82323950482532
15051	6529.72850148622	91.65656783431768	149.86795942959375	129.82602838086893
15066	10110.559713097065	87.15116252989509	222.60092503156977	128.07686046904416
15082	18505.894072471667	142.37408677395433	75.14653393700719	85.95354108635337
15097	27556.385244066056	93.64711761325597	74.19024598707911	126.91370820562821
15112	20675.435512704014	88.59660786180757	74.83578153841198	127.75981521514244
15127	21141.222817315906	138.0555179496249	296.39646428525447	44.00955796977505
15142	36343.66701651335	48.78940596990287	74.91358302780426	204.85473177911715
15157	39304.17432446053	141.52585459504277	149.1783578682784	144.1357354084868
15172	38130.79024885378	45.658736051949674	74.60442487075925	42.79635215107351
15188	32809.137884489915	43.75384620117955	148.11583659432827	85.58992528936825
15203	35793.45361445814	133.7643161384901	222.93088259216398	86.52233965690247
15218	40089.27197193531	136.19229244756514	74.03229745998979	129.63492290464697
15233	27839.58184267122	97.40666515317746	372.0144071493531	94.08426492526196
15248	18612.371908508645	102.00967261682264	79.86548462724313	43.00617080302443
15263	27977.09786825524	44.730433884589004	74.59980035258923	43.23402095893398
15278	38886.1271156282	90.00556293129921	303.3273157718405	132.63719364474994
15294	39374.01632031891	43.41893738188781	74.34937548236921	49.134591124914586
15309	35179.90008924567	241.6487031619996	296.982115314696	145.0309129677806
15324	34215.03662758917	146.79859890196937	74.20356873430778	88.3952237773221
15339	37467.53393660601	45.25790700574871	148.28398530532607	42.75294762551785
15354	39394.25561755399	130.203007870093	147.92785065873525	212.0390763796633
15369	37011.97306734028	87.34063784603961	222.4951697747782	43.0931744530797
15384	34005.30288611802	47.6527815636294	222.54173149680253	0.0
15400	33629.72161714554	92.52100548065268	73.98261025430169	127.27221284443047
15415	35641.84924627252	89.41815406375565	298.34139472888785	84.91440093223937
15430	41052.18908064391	45.56443314027041	147.8798682046216	168.7609565487504
15445	34415.88460281688	174.0824340683222	149.06748903555797	0.0
15460	37367.46111995646	96.61553057343698	297.97041684061287	199.67578953891993
15475	37975.35952357292	91.84461595879867	149.06497783737257	47.55896557783708
15490	722.7526985044126	2784.1271115286277	1978.2230865990557	2628.709794907924
15506	37105.242228099254	44.093857004079034	224.0574238143861	85.74493130609393
15521	33359.51623214744	146.090397753641	150.3262217567861	86.8741239629779
15536	54734.01797298595	138.44449174806476	148.91678236722947	132.72841099206357
15551	35892.48794894219	0.0	147.65248063018547	42.374609171766785
15566	36897.34375967625	176.4008352340199	300.45166466018185	85.56798628855496
15581	31471.900510553056	89.52889800200239	75.5387511972338	171.63374431192875
15596	23590.173411299194	137.45800862974951	152.14387802377342	147.54640336472073
15612	18733.03494937494	48.55449976656586	76.87438210170251	98.7094478249643
15627	29403.79236954485	183.69028112402185	301.84912878870966	44.21610832231119
15642	35263.37174801961	132.29945930488407	74.33766928546596	129.39613357569092
15657	43856.403089866784	132.69759287461636	158.99122491685674	43.259685660735705
15672	34132.220568425284	95.49483274091966	148.78898419495673	172.5246608874388
15687	34620.45490003422	96.43404295444489	151.98099667851812	86.55900139264763
15702	28194.443689609692	89.8952692642808	149.35713122442365	171.7843751960434
15718	17982.59463620295	135.86652944460513	150.09039069629273	86.0256728531979
15733	36226.18743600157	52.4949399309745	222.45047330919652	42.51222680087667
15748	35037.41428730311	138.56631643268744	74.95397061266004	95.02094508920796
15763	10726.799360247705	48.96148093160708	74.88881689682603	201.31407295856624
15778	11467.316461818738	178.36860083486886	149.42189703991636	94.63053806514479
15793	7595.955690387786	0.0	148.0354540335294	43.400552968680856
15809	15013.25763959974	92.1744346299488	224.1498717117682	86.51873546012678
15824	26766.759362481967	44.92292058771476	223.96114713471383	86.49127589320764
15839	55563.03756667047	100.26057534014807	74.26421982902102	47.579804942444895
15854	47586.75008667823	102.52513078100979	323.9237050719559	133.42596153449267
15869	30303.406836748123	88.01156638350338	224.5484566243552	42.921402822863314
15884	31493.215107933225	44.697066217646935	148.43184528191574	86.10851923972368
15899	35326.60132635065	100.52545156761073	299.6813030590676	0.0
15915	39158.07832381779	46.98032378013711	74.28590174991638	98.59992919345386
15930	38384.731908175854	178.54047374447808	225.11339139423796	182.17406977361068
15945	32088.472417186855	89.34204200561159	148.1682137981057	86.03868027288466
15960	39052.97551165722	155.6489494165778	149.7037227114383	173.3351983769797
15975	36997.840686051466	95.89683904379606	373.056771130627	42.41169600486755
15990	36605.982327171565	133.89372511094436	74.66887660007458	169.95329438606277
16005	30892.65159817477	140.69143714993726	149.08662705731578	43.769596304069275
16020	19369.746710849344	92.53272283807397	150.74392843396402	86.25833344291895
16036	25595.33201434587	92.1653595823329	74.48368585755117	128.9042708272487
16051	25903.969195551777	44.06566691807471	298.45733300996943	47.62753627920058
16066	19465.79756456525	179.91595907064155	148.75325284450315	248.28061437227296
16081	24004.846533735134	92.12575312234462	224.88626366034148	45.646768105323424
16096	21456.353311606505	93.22454999893904	223.2221606693091	86.16529269983992
16111	30333.187605421543	46.45092069592793	150.11187717946245	128.36812422707678
16127	35390.183231710456	227.42189884539695	74.3144354461832	85.90784333154559
16142	18751.18277474742	44.73636877792422	148.58224459439515	85.08178566679358
16157	19164.28181444077	92.05489912681281	297.6766178919934	127.84667267081792
16172	18068.839911024865	90.00622588100843	149.1565955862403	43.310568335973656
16187	33322.47257949419	2114.1748831505	1974.19520243858	1976.9717601264642
16202	46618.942780614	45.7678286363231	151.39593507270328	138.7508019576827
16217	35227.72566498164	192.20730651520194	150.8524271284137	101.11251176501624
16232	31100.35134903245	141.227805776149	75.09872694388032	192.40350465176627
16248	20423.58026534119	131.42325689122083	150.84706191674806	131.7093964602286
16263	27472.526680941282	93.78182886522264	150.56474895358085	0.0
16278	35837.66673507095	139.57419382599647	75.37854549206328	86.52469300109892
16293	36379.72028058943	93.93017948418856	75.25310935744085	42.8177730977023
16308	45326.89734693585	44.76004696159624	224.92311951667068	130.83072135671506
16323	41768.73900962964	95.91805921204389	149.20251253545285	172.68556389804928
16338	36345.829496545324	179.1311619413644	150.0311186902225	0.0
16354	24631.42749721161	45.1877102170419	154.2559528003633	93.0127795819845
16369	18238.263963918547	241.2649395056069	149.9269643914327	206.4248107128963
16384	43176.3	97.16315518915653	224.5829595084116	141.43741640971507
16399	38032.41225126365	45.48866253382061	224.10200022891632	43.42102974594571
16414	56314.80171400856	45.24862458670512	75.35123162833973	88.20102541446686
16429	73474.91625385634	94.07471265265718	150.5152227162849	43.3265328489244
16444	40729.60100047589	51.80622814883478	398.48693357002924	142.6714565258799
16460	36307.10142803216	90.59606662116944	299.0456387788057	43.784336878415196
16475	36766.02063830066	93.4538884177804	151.97510094702244	85.71652544922195
16490	36193.38931793432	45.02867675841786	229.13140042311977	174.09390064910053
16505	37652.3076161845	205.18536462122574	75.66974256411194	0.0
16520	13155.746155139976	88.98260143361054	151.61504481361249	52.76559450915549
16535	9960.867127057314	89.78514512501657	75.14027183979749	146.54279068979434
16550	11576.199945558608	89.07975964659825	302.46053785011173	175.35726977176964
16566	10156.73104967922	139.2719438619912	74.31852735993918	43.39007498288061
16581	24133.353842101693	92.37159559733234	149.4996085013263	215.55046381636058
16596	36705.10606178283	132.12472983285784	149.72214035958052	129.06902529993096
16611	38949.54008473116	176.72251591075212	225.9616260579508	42.789775227308276
16626	37531.0006992952	88.79192833453416	223.92051089686342	89.58362441447564
16641	25187.33135896639	143.78052443906665	74.63677990336437	44.02301177286543
16656	19350.053723477627	44.451234232527206	223.145217713085	133.94397279870697
16672	27394.539332100117	44.43384605005384	75.27376678760629	154.17516020716633
16687	19580.198063633197	178.60412190452217	298.16375179225577	96.65584301393478
16702	29402.901395295547	96.01623581351713	75.89491112106946	85.20693833906203
16717	34783.81843317784	44.47318130480591	222.2342196283629	128.81416118390857
16732	34741.764585232486	90.29673682749271	149.6006741637923	85.80149040099234
16747	37215.24441664219	90.88979701353237	296.4324117021449	85.50485780527815
16762	193086.47790251937	612.0598185062408	125.1670794698596	3307.0948399103245
16778	511.98176648654044	742273.0232352165	491441.34549214586	85.83994392969646
16793	24526.781053955434	133.88624316828793	300.4569456875324	131.70990486016495
16808	35681.06433762461	88.65804005865007	150.13574923097156	100.46694419658743
16823	35981.27272777413	141.33300069079735	224.03263991713987	48.250378617472016
16838	39583.073650009945	140.63531851214356	223.66433352318128	130.52841745391953
16853	38437.05659337549	45.9056913292082	149.88590895127504	85.85976604122669
16868	33254.05223027345	88.5683385015931	150.69639406034722	85.14559137057513
16884	34632.124988101794	137.4035084910365	75.22318639670499	172.26809140227735
16899	35602.72990321386	0.0	148.6551474764943	42.34990113861859
16914	36446.91135805687	144.44558775924148	148.67206748000345	127.7743695408711
16929	41909.99551722854	43.837551598101854	150.54222169118933	42.579477993818
16944	34000.02654700001	91.157872223733	148.470304685561	85.95565601080656
16959	33776.21495751705	136.66083124440627	225.03970692135394	148.98644231759013
16974	28105.115594310024	134.9784867525101	74.73631305421237	100.67674102328718
16990	18697.433661235405	140.05258758813142	223.72268602388914	44.782214843779805
17005	34087.7969594529	91.28639571933076	74.200158607224	86.52069884635507
17020	41068.46512040461	142.16605703461914	222.89369691294618	42.43581243962981
17035	41203.35448027788	87.9351903506834	74.85154201090802	140.97615733763203
17050	21764.882400493756	51.230505684609525	399.61097947172817	43.715686330469325
17065	21092.050899425438	93.42143745523877	153.0122347307205	88.21761120019481
17080	52931.52335512174	186.84698017878458	74.9981084834598	86.47975877749734
17096	36174.2878008284	0.0	149.73555669425986	86.5554083825741
17111	38273.21576993175	87.8600416647736	305.0636066366732	99.76229910850525
17126	39170.98150011347	92.2410361200571	151.68086055262015	97.80007065818646
17141	41830.38187152773	47.06765241920948	223.5140184296714	43.208080610581675
17156	36318.46632338875	136.01356956990435	0.0	128.67204838419335
17171	36836.079527132664	132.32780684483237	453.9302277358342	171.08403021812438
17187	35342.69496495358	94.09729733347893	74.75653496752493	85.9322996637132
17202	38714.58456085746	90.03856778646819	301.3449837826751	85.23663544265554
17217	40738.91997752905	87.13361130772158	75.88026010245085	84.85393154503778
17232	41766.11810413459	177.05670950889586	225.87501041399315	211.65499001375863
17247	36999.9186251615	44.405610251897016	223.88105569006873	0.0
17262	38094.33016221492	98.61204061806203	74.91896086092108	143.80003744829446
17277	45338.198029550316	180.58458169270307	301.3875845089182	0.0
17293	35999.00432090267	44.297074631867	74.50978298078292	188.0082142680511
17308	34718.268205136075	92.22985548764467	230.8538615174359	44.87173970692325
17323	36726.97750861488	143.23374779045116	149.95631620408037	128.93929653167726
17338	1348.4975245955586	591.0134520513378	1396.5859394721688	1976.8038250336422
17353	43787.74003505514	458083.4799022599	434311.2857779877	172.08093273902313
17368	34773.454336824565	90.01110574603081	224.97848106174263	87.2566421354562
17384	33867.63594864813	94.16930293992162	150.4362190218363	42.8092780243
17399	35062.31358221336	93.57919417206197	228.45443000465164	128.41077750395985
17414	35813.15389280725	88.93067979365587	227.22188040670474	48.54746351649053
17429	5825.801639504135	178.62109803522006	75.64976978811902	201.4980509325117
17444	13129.05351668261	0.0	223.63783406540753	90.34602995390073
17459	9564.758039014041	130.2340340584796	149.03541041761636	0.0
17474	11034.635570498649	183.97444285603706	224.36401670234744	216.98182556200774
17490	17549.695508668152	132.2338906846801	0.0	0.0
17505	19332.642871394903	48.00494743213058	74.71477008163929	172.48535483457147
17520	19256.944163962624	87.70175268021413	148.80985027204267	42.7323434291454
17535	32366.277945487294	178.26573077527806	299.80835043786095	128.85874282691628
17550	37869.61075767077	0.0	150.31610390014947	85.39718710631132
17565	37324.49185305945	188.80612818989903	150.41494757652282	99.48641047524288
17580	26486.65471522197	43.70851446647663	74.59256383080036	100.10126880395227
17596	18189.77828063108	225.92663398687725	226.0766088797059	45.02451252931729
17611	42349.944047682206	46.43367198979016	74.62015204478521	87.10448725380003
17626	36811.56483093795	92.93612756431102	224.21924358833581	130.02357927426695
17641	28477.84599774523	46.40069982881192	298.9085189639963	47.03173794734292
17656	10711.948129245808	148.8744787372649	242.49606453908143	87.32996793508529
17671	3516.434097164571	177.6165409487486	224.24227731283756	87.8568215932697
17687	11804.696553803085	46.504252564162016	0.0	44.16473856008146
17702	39189.84924429714	43.996498516076244	225.53539522260894	43.3352980297897
17717	37227.56401780033	44.649140537185595	300.62186831284316	230.80284720400815
17732	26465.417779832762	180.558086155504	74.7409151780093	48.16936275127809
17747	37460.601887603705	175.85902212768792	148.9675465004798	50.591904034120965
17762	42856.000883200715	92.03156575005501	148.45919790203683	171.51396036610006
17777	37194.31000874526	130.31758016117848	149.06187103241683	43.28553191735409
17793	22572.729958638116	222.78183384782167	223.7372810477391	170.90139780217783
17808	18882.341947147557	43.69991229556501	222.3578469386324	43.87664103725925
17823	20180.887896930726	132.3577762294421	149.17638545781375	84.73323009736836
17838	20393.092315766804	0.0	296.79707808289675	172.248125107158
17853	40937.39315271712	177.8590662378259	149.4559480959177	43.45883592292667
17868	21406.057283607533	0.0	224.14397670775654	208.62744655704125
17883	18375.1465284226	133.84362656101587	154.1027027244307	136.21564763937144
17898	29482.834397657396	87.43545340924524	149.60498216181995	43.24132878240198
17914	31500.89026771724	132.46165545259134	148.71602558135055	127.49833428680432
17929	18244.4718406754	87.48429823522456	223.4829950197041	87.01838864809834
17944	31348.91443199605	130.9602619361831	223.8659083984466	85.23335592241958
17959	37405.38837468453	0.0	149.83812318593263	221.33330766454338
17974	19494.914260983467	136.64927006665616	225.29003978187686	86.40384255201556
17989	18742.713315570385	43.78464162079152	149.5878643915616	174.3265823283978
18004	32992.40034896426	88.74140581799671	300.7863105398417	96.8079969507642
18020	35885.19685148479	133.09855008222164	224.2134070121823	154.87959079898894
18035	1122.8490679843117	1287.9008003279193	1894.291364595294	47.46829416401684
18050	31468.754706737323	8862.41354793348	5423.8965629248505	2673.727538664937
18065	19329.9209487255	87.4739341280982	225.29876892230473	128.56569008470046
18081	23989.02380540125	175.08161806330085	225.2414782117959	130.532417110987
18096	37609.471379197355	44.68262301955372	74.81471193585544	86.33258866436779
18111	36701.517816835345	43.46086921876762	224.2331179188285	86.35086570328102
18126	59708.93239145279	132.3639562183572	73.91745917786379	42.83844025220722
18142	36534.499899311406	131.0677635356784	298.6313174697943	85.69088595198467
18157	37096.67386869387	135.97609640210868	74.67622745549306	91.1914907050971
18172	36584.16106805645	43.416665159035475	149.12529299512505	138.61090741925406
18187	47539.59819804945	135.3331915497221	74.31602640524507	87.62624097248539
18202	47615.27130215011	45.63409069173038	152.51320239901543	87.41181754999793
18217	20193.773844562238	44.05520892761182	378.4894019203028	133.14526729848237
18232	38444.334721022286	131.44195910424457	74.65139802098274	146.3939663877664
18248	37169.98291226032	48.66755629551597	158.29062192887068	43.93721721396781
18263	38447.902006794124	88.38861854955555	151.13023269955067	42.68628784724046
18278	42722.11486057621	87.24805674158037	147.90419203640894	85.94597240658477
18293	36223.9886749307	43.80741258024704	151.18190334662796	98.63726133301854
18308	37770.44976474642	87.32499825497158	149.08128566224127	150.1095424308395
18323	46791.14724222157	132.36921141964382	226.16097684713546	89.59558043793776
18338	38354.3158930185	89.14223832643592	149.49253007367253	128.6081497310847
18354	37835.285823601625	0.0	300.60257129594686	129.83550092163495
18369	36648.18586246852	219.4121405892074	148.65950914313086	43.34213334715459
18384	37346.826475987924	87.85148588873446	150.3229141669348	174.25334995396435
18399	39983.215127496944	132.2084383542929	223.53510224008934	44.478941572974435
18414	33523.33130719586	133.34317239486148	148.5889063725248	87.13196635194123
18429	42794.57800183962	88.95253075168468	149.41695686611348	87.8078714735154
18444	45318.38768987926	44.42496042645071	150.68729918754659	134.5039405913791
18460	40323.88987200312	133.15431429195218	223.1988568584714	52.20483183327131
18475	34094.355633938314	43.8585089108441	74.41104077318218	49.3298874651175
18490	24994.766789638998	87.36446053787135	76.30298528871964	181.3497939094901
18505	19029.757454061935	87.80270736775361	302.5437403823994	84.66951625703834
18520	18612.325863947197	88.30059527758509	149.0793183410447	86.60344027340412
18535	20060.85434299121	88.48754633354024	225.4319304563105	132.41106800863054
18550	44960.57108383374	141.3319136530906	307.4181730453484	132.16441634302026
18566	42167.89169747201	87.48777211420239	74.3906748700887	86.48366655278951
18581	33781.72425862029	132.4697032373166	225.39850105312655	86.72668769992887
18596	36801.28801370799	44.18042381317355	150.21657191408798	93.93773965984583
18611	756.708546367623	2771.1012002417633	664.806359982267	2685.5076320989056
18626	20572.189181255417	88.98971762071363	297.7185763817467	92.5911474327743
18641	34662.80707717873	88.98983578084967	410.49908246696	130.0369554507779
18656	36453.499674680694	220.63276194229257	0.0	42.72817514117807
18672	39162.32037092977	90.92262801111676	300.3728198486008	128.7800904083066
18687	42622.212223395894	91.1730587651208	299.5171062337607	171.09125466499478
18702	34656.74698598794	88.7707834661007	74.69380003269762	86.00423005278222
18717	38611.42895192988	0.0	74.50225157761015	42.26641123972367
18732	39706.39048436773	173.9196174144745	149.64120456417092	128.88429417585488
18747	42067.18994550344	133.06836832449306	225.0188446819782	44.24787366762757
18762	37051.35270081467	175.04097296755762	74.73908082550392	249.49697640184314
18778	36987.21641837289	0.0	224.67856514681597	48.89309678848833
18793	27912.37834968835	89.00995471743867	149.18744457212276	87.28228272073902
18808	20152.943196073476	89.28578569144011	149.31785035932435	86.72095327447168
18823	33195.79517917666	43.964426802247765	223.16434151975903	86.52256197792478
18838	35469.99027412076	87.75692770208232	75.35577555233147	0.0
18853	37794.95753429616	145.37364449746906	237.80882743969562	88.74747242986224
18869	41148.71846518294	134.35064564410598	225.81835770401636	129.54729355387855
18884	40329.29671744347	88.66415097190067	150.34167122498155	42.84900573117193
18899	36033.55348198992	129.82341249356512	75.05869489077945	86.4930788942054
18914	31022.573261732025	89.19285977679304	148.97526254951953	98.23758956491947
18929	19809.504967491364	132.67783972449135	376.03253597870935	152.50667545460163
18944	25184.775721238926	43.60019070372451	148.81045733904466	87.22014744143934
18960	19438.733445862752	87.65933093607426	74.62353444200009	171.5714776176773
18975	21894.87567908518	88.64754532933235	298.21672695146873	43.271674496755004
18990	32369.168620433444	44.33907937733456	149.93205595378765	0.0
19005	35636.69015757367	131.23948986040892	149.22988906674087	303.2564582077367
19020	33815.18625585839	43.77793427000288	151.07898602703585	43.050859023928645
19035	38509.63733267069	174.4567252264917	149.7855546617601	129.1096962922532
19050	35760.40599116728	88.34344886166974	224.7011290421337	45.78005697278772
19066	36896.08840224807	89.0360242525395	225.53260100158394	51.54198592061177
19081	42969.38523849137	176.93932278692722	150.8578495413065	140.94663707692175
19096	41393.88819077051	87.88208848117851	149.25584147281944	129.29090710175223
19111	36374.35790091096	131.14471645734272	299.4700587119721	85.71267220376059
19126	35280.374919192735	44.34098303377163	148.33558333039284	130.8203840025561
19141	57812.93230381692	43.30434369260911	222.8939672933053	42.98227558635641
19156	65979.94922573693	4054.310429999083	3894.0446108394863	2354.5793075931074
19172	1577.495105131343	3245.526300189342	2583.344280367121	26441.134681437383
19187	29731.51714960195	90.22994785081595	149.93572349897585	86.39286362241022
19202	17476.53188095646	132.4325110568013	227.0871703508589	128.4136415742338
19217	21693.666817507547	134.22816727166065	149.56935792690143	98.18363403028809
19232	19631.456591037102	44.67815582946874	379.1861348748207	145.46239830220117
19247	18289.207320213318	88.50411562360823	224.26389653356748	91.63611088842154
19262	17994.959279656476	88.29492577613331	149.40535910986364	128.26483458200934
19278	20146.798813297777	87.91577253758908	75.13203460443765	87.23419861197472
19293	31020.822955836433	173.9547636303678	224.61254017126745	128.93166484773158
19308	32780.4922439377	87.09969236134552	0.0	43.649991927347145
19323	29988.733342086078	0.0	223.59981082901356	42.61030541111715
19338	18508.47644745946	43.89980045295786	75.21732913091313	173.48944234043358
19353	16682.10597471714	175.42321228967978	74.82280701877549	86.37663328492083
19368	18415.711847599076	129.92380947390106	374.93414915304163	142.5938691114122
19384	18947.027895688065	130.58409958481323	74.45886358238756	104.4453046723269
19399	20801.042139772628	88.65926121782512	298.5953636109829	145.15033854686192
19414	35025.42358451277	44.35756794186775	73.74212012961507	43.115224540410566
19429	36465.05333127723	88.01590191378259	229.8007303578593	86.07246961949393
19444	41852.70496322602	96.85005086526274	240.28626493165734	46.71794922916219
19459	40488.508411221315	45.01367175657302	153.04535026109778	87.88262734238059
19474	24965.24178560334	176.6923832681589	304.46994572496044	85.73565671948717
19490	19524.19094897982	43.52770835048519	0.0	129.12853381246794
19505	33659.79194988041	131.04385605608115	373.1606352120638	42.91597040839959
19520	47851.78165565645	88.64981463706121	75.01284020835534	152.15675748195034
19535	35683.41849056121	0.0	222.3045192629099	0.0
19550	35675.177510961366	175.19617857709528	148.99822833186946	252.8193561236374
19565	36135.91637462787	133.1653787434101	296.94839848801496	0.0
19580	36139.05799798586	133.44047328279353	75.59932903102599	171.86926901014522
19596	34546.33277110457	0.0	296.34935244157913	42.90284056935925
19611	20102.657959963868	130.3719376511313	75.2541098020412	170.31988642200827
19626	21353.154217172287	87.28075201643631	223.29087333007715	42.733546462273225
19641	33383.01262619644	133.7751999768382	75.18676050289068	85.14651133984327
19656	42306.05535707004	43.854552864879366	149.1074435149133	128.6968015281111
19671	38819.32330070958	129.79281773641708	151.13727358415724	96.08282836810686
19686	34310.72304385201	86.92112775768153	295.75991720799357	107.32900016389787
19701	35622.46073962655	87.54912929840386	74.64671645545866	193.95185932517052
19717	40607.97392646149	131.71470104557926	301.2818905087933	129.72194108963015
19732	42308.44846679545	43.910415102411065	74.90960853628815	42.793786041433926
19747	37721.02503263511	219.22683697021566	297.0844430945814	85.43705237765796
19762	34018.83878254072	44.29589603427797	0.0	173.19141118852423
19777	20948.71720522097	88.69538791883737	224.83045023408718	43.222662348742595
19792	19414.1935390823	131.48755490182432	224.5927348778397	85.54307092477568
