Tiempo	a9	a10	a11	a12
4	131.0452174410224	132.31821590736507	0.0	92.01479319557548
19	1631.8550667395257	1534.5129635719768	892.5503715210082	1299.869400834404
34	622501.0227879981	1023760.1920968099	236651.63486170655	583645.0502717255
49	607490.9491246898	1071530.7661928376	236284.82809251914	575991.6582177193
64	621645.0812021749	1123797.1562577926	223265.97720780232	406538.0639403806
80	605981.2880725041	923710.1659728055	140175.53222896284	81933.81034937184
95	420645.757734604	579767.0356932965	168196.7435586915	300188.76307492505
110	271542.93373687624	999965.0423682315	183023.27983071373	554445.337266626
125	113130.62844748967	975365.6832207846	191017.13349300515	453683.7828408632
140	146105.12928089546	668396.2699292174	198096.10662665952	51168.93977678241
155	236153.85334699575	584423.5105139198	131163.33392811436	32998.84231396884
171	173141.00752526664	645488.9982987309	222123.1661665197	32365.702257763736
186	184027.39382792168	728914.2444279549	215155.6691516925	12968.498997756687
201	162742.7028874289	1030.980302213817	232620.61827496247	11899.407721538653
216	65771.57355865219	45.58823459059931	206374.70020967477	13250.864384762923
231	213641.6181803989	130.2162017750088	7300.702963131025	38745.781900375056
246	169154.56888112338	132.70073514865246	2129.0475145955106	37307.106256631865
262	133906.71805209137	43.185964314336886	77742.5462915525	38856.96974382958
277	319194.4467275163	176.07983051134272	213963.10517196104	34116.10761719972
292	40646.46170075355	135.3380275699636	215355.9490506351	37358.2572199559
307	124956.91136446706	136.79357079895678	213026.88591941525	24752.23040202785
322	39918.93324982506	47.01890162839554	65984.70274284927	13991.208131157793
337	180734.95671648145	101.99266542870551	70212.35663939327	12458.067388860845
352	385243.07332438626	207.0385823715292	201307.24884939287	14154.073509564021
368	51214.80434292555	47.077434149249456	148942.29449073249	13082.504822406832
383	111805.34374414622	90.28788918823935	130686.1512678327	32098.01800399361
398	92989.11034944312	86.8214725924097	149530.89585580284	94851.4058117519
413	0.0	88.48627424960024	229749.76440403544	39696.74680252619
428	138.52908151941375	90.45247790534049	219899.66001023995	13016.804841670693
443	78.4572615507571	133.13688053560907	74207.95360088647	19751.3391069147
458	81.82231411415152	147.8264738668548	103265.82230730577	373199.86218861165
474	416.010039671436	91.68290232032537	248870.71848171888	94066.69851033634
489	485.5297866472229	104.01779217805714	244659.50881730535	270390.31452067645
504	688.6330236053327	102.68019412321038	190569.80255669166	320307.30008345057
519	329.02217515848577	44.373934788214974	130452.09286879456	268618.95372506086
534	0.0	88.00122367144563	354791.3416117675	261822.10177867068
549	137.25691263005137	44.399119981103574	325953.41291530256	171515.44556453804
564	67.75372903808952	130.24409351572393	346749.6790705946	37976.88546675428
580	148.36134194850922	43.5223084307462	339050.6736459539	178211.88926716548
595	70.24960976723581	177.62515933629126	312995.7739216645	314920.3037907111
610	206.82262909412384	88.41946023963392	267177.5425874563	61259.09358572504
625	556.7257650393248	175.00251356391237	305870.75361833285	43.51283812760376
640	2035.3393554602378	5581.174821307883	2417.416959537864	1420.76355990842
655	692167.3813426577	1860848.711026679	387155.6788965644	653574.9104614011
670	553917.8002652627	1046196.9074157857	342256.60602213733	503656.66562724306
686	547173.1576974974	812500.2308270237	319689.154928948	470945.9086283101
701	462634.2339053162	709646.7966772391	292991.00345281186	462285.9875457969
717	479430.3622085622	1016990.8588298671	265134.00838748424	482339.09891011915
732	213308.116640238	671593.1126947677	256462.21178839763	443497.34667072445
747	48601.12363257258	618092.0617189596	245583.3589240492	109306.28797074586
762	164467.5933230031	632384.3612732454	228314.65021714594	35264.74211233406
777	74276.71856015726	648209.4512506172	151204.26727216845	34890.72982633137
792	225081.93192503654	28850.953814633933	229239.8701368387	37495.445239267625
808	137859.22945319652	160.78687312577853	233360.16952890146	81159.4692916796
823	16402.892297466977	45.92606312610209	217309.31700059594	403340.2055988405
838	16353.180154341457	177.63615248685701	222830.1472410959	399389.3418957556
854	14220.822027363258	88.93692631225102	237103.83121654857	369706.94795473665
869	28267.647179458287	131.626495179981	193887.70417747018	220154.06538504196
884	16710.22268921826	132.07053606898057	86644.86585395139	65396.2589605819
899	18693.500313594006	134.90030426498038	104509.21156951912	230915.0752855225
914	28240.428400177305	133.9209817430377	439804.07025113347	124122.57936144661
929	61368.595230172454	88.31168311715126	297894.46289175	274947.5524344023
944	98887.97211285125	88.18498191464693	311505.22055671783	274093.9296155027
960	21644.89774921518	89.31524749957025	383472.2978988019	131647.52214882858
975	17677.757874443014	45.81596381531563	381750.0524068652	166843.4324364012
990	24302.172883819418	135.10687520386185	285273.53752558504	75305.96232456078
1005	50056.23414035073	88.51656283460558	344729.6479665842	232045.83051512472
1020	24043.6049396356	176.91045630102977	338460.93977643794	225523.34364406575
1035	22415.334786740597	90.60337550278753	333820.629511224	279.18353578230364
1050	177645.0087570122	130.77626030093057	320263.40838793066	191.205737508405
1066	445717.04545630614	47.68085617155768	313177.32931155554	85.709392754063
1081	315297.19458901515	90.76071424087509	307259.4674179904	130.16839100397192
1096	275868.2341222939	98.23853164119646	78538.448521368	42.86653900702018
1113	262170.20456990064	98.66684652999975	148.8252820059657	43.03457310309168
1129	283547.2674321766	153.4943019591272	272.2059783944115	42.96409341837745
1144	1473.4989168843626	4846.837398688216	1179.3101710714213	2352.2730935294276
1160	816959.2526761782	2853072.735934363	410091.8847956024	548067.9512161914
1175	476837.978660164	1088972.1343839413	315423.07429093943	523354.6491144666
1190	467105.37824652233	986991.8694378261	172716.55805035913	480245.23084183293
1205	553953.5556261498	677205.3574940005	306342.12027445954	481352.1433425272
1221	535036.4991124464	1116157.4107430768	223578.01645333017	460525.52694714465
1236	350813.7926931828	701781.9417424777	22394.423283429147	522177.63375509466
1251	84395.26507830463	625751.1036228961	65572.99365053997	120431.74281828178
1266	362343.65493892157	657229.2057967593	266211.08872474666	36509.813408613205
1281	54092.30591469339	62864.279525075704	214013.15407494118	34537.48958850463
1297	62395.258893563776	90.09472358034924	22109.889335093314	33657.761990600986
1312	401990.44596582657	179.25543939283116	1118.8843335834147	34062.92219820784
1327	215163.02351673337	134.51311133354903	1118.8843335834147	35710.21751059201
1342	230214.22288540978	132.42473242498934	1512.4465489783886	37779.82867952596
1357	159954.0309590898	43.84010763934348	1817.1718498524376	259597.0829204055
1372	240807.54875966528	132.41323587977328	1063.4149474427104	107277.68072768631
1387	76753.76956675135	96.5413476874493	1968.1860646218433	85860.3892072262
1403	277155.023525998	101.81471304439009	1847.3800979902087	396334.30564965704
1418	42423.97108454744	99.65236717072315	2029.754204976037	299678.1120008547
1433	75151.87774635985	178.34571751143784	8871.75637218062	107160.51472744375
1448	271757.8984375298	180.1116351017356	1273.2342634105823	315471.1891274066
1463	41872.43691487491	0.0	2096.430159598869	286421.23051188205
1478	37610.5489050659	131.16024758588523	971.7352068298682	232641.85226377414
1494	299133.41874550574	176.3691023427993	1502.8996975096268	243659.78993618904
1509	256000.96398827457	0.0	1663.3192814327035	232283.83031201287
1524	767.171407802701	87.17836749021895	1206.9828733057718	237930.45693782193
1539	231.9328114616871	0.0	1787.8182601103697	167934.05140461802
1554	0.0	44.01878922730684	1737.3377494625006	4660.689553287858
1569	211.98692187717182	134.25050415448845	37844.338133843994	178.89550165772437
1584	70.48684854896274	45.13427768744063	22058.64888578679	92.57001494020224
1600	0.0	88.48654588893987	4376.977032971384	219.10862935679035
1615	75.73689346387982	178.3410332545638	1303.413622954339	87.16454096023925
1630	74.90991463704034	89.500002547279	1241.1071542682591	87.80098942816258
1645	74.86877239704133	88.35410522073508	22258.2632538839	43.49044177299831
1660	0.0	0.0	1831.2650567195374	199.5691920922324
1675	140.57414342410863	184.62357096612453	1604.970995891355	220.5763058231678
1690	211.56633264631034	105.08372547246516	19812.608753435616	92.35106498144567
1706	0.0	205.06744815140962	16486.314200397115	86.06878597261384
1721	80.33049208738841	44.130746534466745	134559.1951184261	43.56602753028274
1736	141.42966688726096	87.34052366698161	205909.07911013474	135.25529513449408
1751	139.04793145322242	132.0958801205596	105255.25898356624	46.160343453479
1766	69.94781793619507	132.315359287709	209876.03644073644	132.79251336169895
1781	75.01429662179201	43.46829438185319	144206.5209156742	135.47211042070762
1796	142.4509855930321	131.58414302523246	209933.16648077554	0.0
1812	0.0	132.68641937971114	30050.33220593497	271.13550069943074
1827	138.54372223637066	88.27845341206529	5997.4957626132245	86.5206850275956
1842	74.38960384124424	218.0585725018289	6494.612963334865	49.61821926474571
1857	71.51033910814208	0.0	4492.365725164646	86.81829856468364
1872	70.61044307806995	133.4570711088879	1174.6912925168128	99.14503300189972
1887	139.36224565119483	132.65149321774487	2337.680562732462	173.63842743230984
1902	74.71214714219794	87.98666053052992	1302.2903691185547	92.72321967631578
1918	74.7148722705245	87.7572960600257	1400.8971802476794	43.58892983249389
1933	76.76051250598859	132.308073839508	1374.5226495546524	149.0615045883693
1948	69.63153721641748	139.83127874756232	431.2378386501223	146.95030512367373
1963	152.12008193484508	90.43521150119602	878.0440414415672	44.2922200087877
1978	72.77196394628379	100.07294408004731	889.4787264823914	134.0330574408872
1993	71.82025727895554	206.74224986303597	420.28667140363245	89.11938267892226
2008	0.0	45.677786826738156	887.2224196644129	46.29223906625994
2024	289.3501353560947	133.31699263815767	727.1325363158529	128.69066760905554
2039	71.64369017691817	0.0	715.8405702143116	49.56238893806935
2054	139.65958010416477	181.99776920292527	1052.5496280938387	137.31702406682075
2069	67.0827612696588	43.84713938725181	1699.4021579828113	91.67693193399347
2084	74.26719600006938	134.61235893219708	1682.3581451296802	187.5474069104716
2099	71.69295665502548	184.4308474829793	331.093465197552	45.25252904701978
2114	0.0	91.05786238437518	33643.23989920244	97.1467429890763
2130	133.95381564151495	88.29568329129368	58390.20743876248	221.6465550138848
2145	74.87112470540218	87.94919735427014	1061.9715555617586	89.79633557280526
2160	0.0	45.94623275261838	1885.3271837126554	44.791477685007266
2175	133.60771750723012	90.90354612663388	911.6650099400431	139.05546330071053
2190	140.02835635687225	131.43940157394388	2447.451183994561	171.58251305840446
2205	0.0	131.51209017598072	1608.6208136701864	88.89971344858408
2220	0.0	131.96331595871595	4146.484841188956	47.92757315583993
2236	76.36279500652104	0.0	4209.736695571393	188.06200318995863
2251	74.37837050959934	90.35214344291948	1216.143361183293	0.0
2266	222.94195185473654	96.40738544344902	931.029353478877	135.79131681472063
2281	0.0	152.16051138476	1826.3474355826997	89.37814352668822
2296	0.0	104.41818150760606	88784.88036191167	45.923227902539075
2311	67.74774591911584	95.32888863712549	44884.8187089406	180.78261462589725
2326	166.20212834196164	46.542255274546335	798.9867385920603	92.45511122569442
2342	144.8554724672623	177.27909512948244	637.2500987013055	43.59318574613426
2357	67.55685261054896	88.85979794822633	468.640531541314	184.18026226757095
2372	200.23703896431715	92.22980703562499	316.4373691597767	47.539103173222394
2387	72.9605562619865	0.0	471.79189849667245	139.1625108729489
2402	0.0	184.3627668489702	47095.78216700995	0.0
2417	0.0	133.56718702695798	213849.49990990848	131.45098521722016
2432	144.22457004062832	93.29472373278811	143864.90865624527	89.20762581977061
2448	0.0	88.47696962934918	93502.01353176536	98.4053143650759
2463	0.0	87.37579296492041	237290.69698846282	42.74288904628251
2478	205.14809705183376	88.60381337553262	292918.7053119022	218.79753791503606
2493	554.3779732017265	137.97631223645993	226374.83738636525	233.6620567838894
2508	74.63443055357784	92.58388434372843	311217.3610102518	0.0
2523	283.4050874039531	92.47730338018387	370395.7535245332	139.30956750345882
2538	232.1053384060599	89.98966802897863	375300.9562134935	44.14620042294264
2553	71.80676638841629	88.68282801559195	381333.2648844647	143.5478902705014
2569	141.65900045871734	144.49636592030524	324317.8137136379	44.64371101513971
2584	0.0	51.70226927277632	345887.7882974571	87.86346703261137
2599	1015.3162576618836	167.00784331228584	284363.55048862955	1953.2911351136863
2614	931.1923723977804	8305.86597844664	2743.125014839433	626047.2347363627
2629	546542.9268459836	1474240.0642252835	491947.7154768267	537676.3474399018
2644	426756.7049565207	1208540.4009543802	425277.34239221475	499266.03611759376
2659	542796.396141082	777051.385478178	346585.2406837477	472798.29665529623
2675	514940.10834254115	1039898.3444418989	181824.1672672086	457202.57605868607
2690	528136.6236360342	1125012.0140819103	320019.4380655474	519285.19700571906
2705	212121.26557036716	629538.5053463802	249727.12977175752	276790.89351240563
2720	198494.1709227707	640358.9686474752	195311.0526509768	47744.41948653613
2735	50615.783136831276	645866.8538714888	27377.136460510563	39844.86052090518
2751	44299.99970987167	597428.829610782	7255.680496500734	34478.58315885982
2766	64634.41234939112	10774.136582543935	7108.14290029658	36905.510020922295
2781	302409.5526222648	142.2172017193772	9225.902531796713	37862.637773058595
2796	106427.87850431852	148.35859517188277	19128.434888316187	248194.1619796045
2811	164987.53349091066	44.479417194984855	49855.191255373036	30661.10281079197
2826	387896.28294122685	180.5051715431223	55043.21410135768	13008.332341934552
2841	456376.9096253514	138.40755148170982	59447.09985305606	112517.26953823061
2857	167830.98789204762	54.130464132213966	47815.81842176912	159429.79314957262
2872	105324.59106916821	47.70538886003662	129450.09599847042	223214.75477320535
2887	112972.2874108958	161.59758729413153	13421.385351513554	179150.82402325957
2902	68846.56501080141	147.64198199801615	122865.91958723786	49249.48952259593
2917	154726.14769417225	49.85022772908211	239230.02329039288	70273.04523722269
2932	8584.498315863311	92.34786432136781	2259.678157689553	220144.64320852395
2947	13871.603902298357	179.85750618178398	1387.1328682301798	131282.91918502658
2963	28685.60793960197	89.58725727035664	555.1666006763605	156005.06616177975
2978	45637.51118549828	87.38083228452132	1040.773458287772	247512.2750216578
2993	277891.92998719506	139.23128315261567	1134.692716306299	257305.27776234236
3008	134705.66699674577	136.91784667127766	1313.1565061804372	66738.02573935127
3023	352.188998298347	44.797052297820336	54648.66472541681	221014.2021147615
3039	216.4849403500557	174.6986562538147	249951.32986558994	242999.70828195673
3054	766.7991526806727	0.0	95760.88075437164	66654.90366491355
3069	148.67445546761155	178.21727287294343	5247.533368188758	12207.139890553952
3084	139.13938397437335	44.279686391013676	5672.991260168853	92.56927103579045
3099	71.09661931037903	181.60227765440942	5213.8901619799435	44.08978933833539
3114	77.29629112407565	132.547144768266	6603.672086744385	136.71275552820413
3129	0.0	96.54868428118527	2424.1423158778207	87.77988189142198
3145	207.91359366984105	88.82005217952654	1306.1592075107994	90.61958581409417
3160	0.0	87.36819040551782	924.0526663050056	129.90067322534043
3175	66.3960823941417	54.08188333287835	582.0179549835623	45.727097143121064
3190	75.41100085850805	161.2130729319714	243.2825844470691	153.53614056881983
3205	69.77361082546413	47.72120438244194	707.0705227234075	136.28109531107359
3220	145.9666348624695	175.91416963934898	416.5674153038999	86.1545222280454
3235	0.0	0.0	550.2906840567942	89.09917981202715
3251	142.07869024744258	142.51100823970512	163.17767864912747	92.40667477441951
3266	214.7803677781764	183.89883942386135	485.7778638884425	135.64019545539747
3281	76.55562821986153	130.5650234590005	979.6801530134773	44.416649950081485
3296	66.47133897559718	45.37688783718739	591.7275618088246	135.76117798000573
3311	73.67588975663763	134.17902606233955	1358.6625365341313	42.991550359874964
3326	138.26330899447203	142.71801171347033	420.36139374375347	173.4350277172029
3341	0.0	89.73161852778867	1207.7194381611791	89.57108030890114
3357	143.37700173662975	133.77670340232086	882.5590171942488	92.31215963105672
3372	0.0	0.0	398.27309515485535	88.40002216994762
3387	201.58905592639	189.0936590874195	332.915257907901	86.36665270138532
3402	138.14661279663443	47.03222790931351	972.1027909156678	128.85759368704632
3417	0.0	45.00700338595547	1039.3369730304926	135.12926697805523
3432	78.53506713123993	134.7830339759588	919.9300486582239	96.31346863958984
3447	148.51973616926932	88.82802351850086	1265.2644344988464	95.5971786158532
3463	134.54813699245452	95.88707409180701	73870.41469125498	42.886097027361394
3478	142.0945840323856	57.83831461874303	249509.52604708867	86.1931933833845
3493	74.38812399586197	105.34779041215778	62922.02994991327	46.4204024336813
3508	138.29817021679133	135.80232178111095	250401.37793667786	140.0455699735321
3523	0.0	43.984435694254934	342800.57270258956	87.14786407365463
3538	134.65814719319343	183.34845974355937	302758.04363911826	87.06959836675786
3553	875.6070552714169	0.0	277929.34885847894	89.00272406782024
3569	211.21729394682683	180.74037128174677	288889.56339668477	138.75599688366987
3584	68.07815973310265	42.825893749985845	372237.27425964107	42.55542974693235
3599	148.45957857847213	91.0374099847488	334595.8310416182	182.62858012847602
3614	0.0	134.14518576852512	386585.9730174921	43.37564920543693
3629	0.0	87.26632935851812	409527.7234648894	85.91185972809791
3644	225.73549278482795	91.0543944957573	383283.1797181095	142.62514677167405
3659	269.22991036996245	1830.1967297315596	2338.998504620371	1621.6052471430974
3674	698100.9912968443	3693640.1452141153	487972.3994163907	625120.3899838781
3690	659728.3851407159	1349194.6924293144	386741.583066592	512013.2705137244
3705	542543.1300663038	1176441.530682547	342357.26621213154	236978.77998404315
3720	530485.4722935546	787571.7372687176	313402.1613732612	277068.46334907046
3735	485969.3279802543	940314.4531864744	221413.95022990243	193132.08193186775
3750	431104.05030232033	1134822.991431289	220038.98128861352	139657.0659169669
3765	140577.5332240045	886705.8194739318	275903.96879453096	235230.3018830947
3781	45862.93672951191	654241.368097558	7764.014460922014	19262.273264557873
3796	19387.39938727414	525398.8256136684	61994.83859287692	163979.6379738648
3811	11053.30531001836	561857.2915138078	1713.9357567156853	337464.04475910286
3826	15121.779032337725	14445.87943139318	2520.242743368121	39561.915098839294
3841	35375.62070978251	90.16729281754233	1441.2179947223324	48898.89695361659
3856	39497.56940940856	89.75924616244622	754.8842080738395	38183.31822805628
3872	40741.22885934366	133.0560411451757	731.4691946218628	311274.338970787
3887	44722.621621750455	94.71386888412759	25983.017696877712	126533.34599845826
3902	68089.51676246387	87.9713169197552	172169.73099307192	110180.98707729709
3917	210496.12539075513	89.78749163706787	42867.27516428411	254153.88589811907
3932	189302.0223331851	88.7287646427378	2107.94540951401	371697.0929015744
3947	79098.30305797869	44.97260483687744	2507.626237535561	367895.31239801773
3962	393478.6678719976	145.4653118552081	4695.757052376168	284327.3372477116
3978	401904.7332256239	132.92280917595605	3681.162992257811	136998.6238218847
3993	425044.09360272996	133.4334321730072	5713.6505011104055	177021.45118737407
4008	311947.0987272754	223.57236904145682	6581.494295984207	294037.71583888854
4023	45451.633337905405	46.21668044157326	217788.4863133053	256333.5899397062
4038	254743.974624331	143.63588124832603	248848.3906874783	190544.64758320397
4053	130186.4764734164	45.584459172701465	280035.2786118411	40987.859247138076
4069	159660.44009675458	106.71087879091502	215787.2374593534	44748.93994072582
4084	305195.86040342797	50.18045635588467	139297.09524015052	198597.89409618033
4099	6472.4206174176	51.914915089658464	1400.987346545458	23494.077864305433
4114	640.3122430031467	185.394698473569	20255.326721187408	180.50659738451242
4129	75.26322083592414	133.68801148316356	86865.21307259265	44.96075376048684
4144	0.0	44.430343862157315	472.33251765282824	43.32049384297338
4159	136.59055747484788	132.89807556326966	478.2056376989745	88.63194167613983
4175	149.27466611489655	140.25799771034158	1871.2486053759658	130.04350231042596
4190	85.35428590662778	44.50191780552268	1536.859268213995	131.4558844294399
4205	0.0	140.99316017079167	1353.4253032588588	43.65334081416484
4220	70.73745550565421	0.0	568.9323173351586	88.84580745637417
4235	132.32557378202677	177.6538387481682	401.35655816684016	130.8407818088634
4250	74.47897958174347	91.99855897529982	759.4850332185625	181.9786576142907
4265	138.63083838952704	91.57296118587256	245.13484908817338	45.15140931181144
4281	0.0	90.12898668274283	800.0422939270734	90.07293369604275
4296	137.3258400057256	44.019946096609345	648.5130675853788	175.29653822109103
4311	82.7062504652515	142.8328926575929	984.0447069167533	42.680271280556916
4326	0.0	221.98682809362654	551.6403314664215	90.32718607057818
4341	68.77959366015159	46.38650710021145	465.4036610488314	91.27620425928384
4356	73.64219596164767	144.6834911019914	1586.8539477655293	131.20639869054315
4371	271.3179819652811	149.40360665380953	2735.5682438459426	42.589343363279475
4387	0.0	0.0	2110.1259787376225	43.81084863627329
4402	210.2468827627413	45.38616035131738	2035.0218111611907	132.32621600932907
4417	76.51976145794615	177.85303838415072	2076.367796594859	134.42962118770927
4432	68.05979465603828	0.0	8150.421849947089	42.82272496670485
4447	69.02163860420231	229.1159755591303	161047.72477595962	85.84530428971163
4462	142.35075925312935	43.795908765564675	89733.18891398312	84.1882057245355
4477	73.50565171519294	185.3191016994603	2648.4228607912974	184.84606198575347
4493	68.42011436149478	89.120560820885	1723.9294729015235	86.21364691743628
4508	134.50470164850356	44.42918889936991	3416.6838624870034	130.91513992911672
4523	74.00895731624216	218.68150013387205	99311.1974718941	45.48140902631916
4538	0.0	44.33464688463602	207146.17047221636	232.47416338124313
4553	0.0	89.05532802522183	354654.44538316346	43.70683357873466
4568	71.21459141576662	88.92867857068777	173153.33808489382	87.01923003311269
4583	137.74710647871717	43.671388016836715	135809.91887499247	91.37000264068134
4599	73.36156165976077	133.23011586591136	171348.23473252708	96.72605416641571
4614	333.8931962607801	43.80161409325432	117088.03231715427	217.48763454483824
4629	0.0	133.03074935158713	110177.90077393598	42.907995439581576
4644	147.76120610654354	133.6784589606151	98954.93527465028	44.20551444813609
4659	70.61253967344761	101.37290929164737	198219.0231779591	100.07634909286163
4674	75.94411721441895	101.79867773400619	300654.9644244723	140.91978264838457
4689	0.0	50.83727969479747	270400.148081333	0.0
4705	270.13211735721677	176.25789074532688	296790.2587405751	127.80400831167586
4720	0.0	0.0	284669.7243617739	93.72368678241968
4735	145.67424684938976	181.00929441070184	319759.0092676603	46.14180884882808
4750	0.0	44.73852448200341	238681.84080791095	172.9069091721438
4765	1095.9657786160988	134.00422470420597	202556.50787316228	127.6458834716119
4780	1467.8687740140454	8942.824356191586	2841.780393472202	1114.7295055746474
4795	655060.8395607274	1339131.2163768767	371825.30092011904	846743.6475315318
4811	552306.0548885423	1115991.5526173054	143542.60595543124	608799.2325095559
4826	528725.6910468675	597876.8772505774	125695.4883008079	504050.5471720057
4841	552606.4429249918	1162180.4290248323	285846.8191302143	472549.890233211
4856	407869.23285016	1134799.9999967588	242605.37233166333	486084.98366205127
4872	130623.64099609909	711303.0769518272	41548.1732366194	123706.81193051279
4887	39217.69596636954	600285.1147901337	1886.8260838419205	36680.13396350085
4902	39018.228633194136	666242.0245748528	887.9814832762862	353477.6267155873
4917	38966.72136064778	469891.639858913	255066.88107738536	293873.74219054455
4932	260804.88740106433	50.211425207909194	203005.5588395577	156814.8414576119
4947	229667.1801505056	138.98616369921248	150551.91833532602	363223.10761594167
4962	68126.80084046409	54.04203185811639	2692.5767708093667	212808.6061887947
4978	127340.73122055532	227.30454253865406	43951.65404372633	79283.77723386275
4993	111565.80669096582	160.2866436355049	140531.3069773074	43462.42581872485
5008	337210.41493059444	49.4791574432049	8099.494121094526	208367.7292811318
5023	192508.36498742786	149.39477537954224	82316.0707744721	112914.43533735324
5038	117746.10414767698	144.73069509114606	84189.80396503804	42112.55453431115
5053	37387.717486768626	48.55865159329027	83407.35266663453	70995.57180215578
5069	42109.38543118498	144.56991393788718	1857.661977443509	233507.9077768192
5084	67634.60736264639	157.92979101922361	1066.5574938410145	66967.99751088246
5099	288933.66217674024	98.13327736764215	1327.4695479118823	64394.53286366368
5114	307564.05741495406	280.56312806161117	25376.77381236078	75843.54263469364
5129	356631.58784897253	48.002887546662244	162101.1260356332	59798.527583294235
5144	357314.5372845259	146.57612228339073	12500.470821984316	157014.7204664993
5159	83207.40596122715	95.57502936401404	1160.264312336296	130331.99167059582
5175	5661.913556269361	134.09467735237442	1707.3562951815873	240843.30151293025
5190	696.0712702303939	49.77912198004313	956.7713157212734	22688.30075710386
5205	75.73599157094955	45.787192764133216	2050.7743468650146	128.71047731235623
5220	0.0	0.0	1785.560531586707	44.39349577631336
5235	0.0	186.7741752354428	55951.28080611892	132.51317262559198
5250	71.17778819535393	102.7272221148014	31428.454730291778	253.48032977606636
5265	207.7932202041289	184.53060850833077	3081.6196240382073	44.42834890710655
5281	0.0	161.5082551070256	3732.0877459913127	86.4293262984138
5296	78.9185491593741	152.06715565983205	46733.191645875144	88.56257967856713
5311	136.75919020227155	48.27723231388256	196302.07878611103	93.1418261553254
5326	68.939773876369	144.15588700148743	31940.62013321265	131.68022830096075
5341	0.0	0.0	239.3241022772156	0.0
5356	150.5545388942957	90.69394305624068	958.8777790422365	91.0375807681214
5371	66.47606203347445	238.44337283470668	3006.9982118041808	172.75410573765635
5387	68.13418907077518	0.0	3771.425315404014	91.3496425420884
5402	0.0	140.30215192683042	561.7561274271459	90.14003399075008
5417	77.26116783394944	51.569362012129275	563.9380568023305	85.51744863609784
5432	67.40517507549376	151.80817843793426	1605.6054195096813	133.06398344635966
5447	281.3820897817612	99.86042353310623	2387.8156568531035	46.80877014394384
5462	0.0	98.81313505384139	32373.246538066374	90.14951975103467
5477	217.52597370516042	47.22685548767913	47643.304087695506	170.48228344386445
5493	0.0	153.07421518529299	28284.009591014605	0.0
5508	152.16052259132266	144.63557709679475	2033.1341132436605	217.48040818967854
5523	0.0	49.709099968522786	2398.485014502314	46.38952447037212
5538	228.27737140850164	101.25689918139018	2779.594820222258	42.35339607764501
5553	0.0	154.14078805914613	19353.739857216286	127.86810858987272
5568	68.63556829583365	104.4629495024681	34447.11695419276	84.64347855155356
5583	0.0	52.914955272246154	1529.3435565673562	134.3420871403953
5599	70.09297722937539	152.41054187184199	809.15419956604	0.0
5614	67.66770793698728	96.88716803763992	1947.8563026438655	178.3329200726375
5629	135.65242261737586	44.56009760108311	1547.2937954276804	86.16675056451
5644	69.0548741814494	135.44140175528358	1344.637308193748	215.17478302943056
5659	72.02713110242038	144.54795594059397	1279.4201334157585	44.4396470748866
5674	204.61721524151045	90.81132204540074	13312.913678386209	86.00099559431895
5689	66.61908869348467	131.0047250121832	15052.061823040725	129.15940461333378
5705	205.61092855716126	87.51189052716829	2891.351573421815	42.697849183534274
5720	0.0	96.68938759655691	3357.9495919537626	171.82794285135344
5735	133.1473389083892	53.40020042405929	26665.165662332227	44.75696255490184
5750	133.49065832320602	151.38376014579086	50941.76232917225	169.9144049813971
5765	66.59930323988199	95.24528988922947	6593.775134601032	137.12343803665135
5780	148.6527046673	145.37418797561435	5621.540203448385	0.0
5795	74.65338580464945	140.81723850357346	166978.90523272465	175.96954748699443
5811	149.29414514525794	88.04413982507772	71580.67737912013	90.52559668066911
5826	134.0309140113648	138.41901379411576	71105.0667829566	85.86706781646237
5841	0.0	90.27049857079983	304498.8116780688	176.96383797571062
5856	71.69459137751721	97.31299437186681	366842.4109023129	49.246901527200826
5871	0.0	120.80060162999668	297613.9926716441	94.65984487570822
5886	539.7652609084174	53.88063878886402	332636.8696705494	43.65097851997241
5901	132.98449127638713	45.14122755354736	392951.31603078113	43.29488186426461
5916	137.28938249624335	134.58380941864104	396653.7660456612	171.52930222341791
5932	67.11866749583278	142.52200902282726	344119.18572536856	87.44336158634164
5947	72.49499246086926	47.26349475832656	344618.23405282263	97.47680354537442
5962	0.0	141.6243529520463	341513.79802532156	44.233316137595104
5977	410.9966545341164	92.16951594439335	333633.4717140087	87.28393967769108
5992	319.3838739273371	2742.0680700251555	1798.3865192428232	129.1324003166193
6007	769728.1967242673	2695647.113776943	490472.8681075863	1324.6375455426983
6022	636684.6466033264	1276952.2690761574	292738.4717828373	684906.9452923618
6038	553095.7767578928	1207829.3471876392	273361.64159582305	351423.348750934
6053	470052.9311583975	564109.9833168455	354892.787935651	481028.1540214534
6068	484550.91275431967	978893.6468648087	106297.77331760005	118491.44430800265
6084	403189.67871480965	1107461.712183152	87499.13800560958	329141.0675260142
6099	75836.16052380794	925525.7324273648	240247.38852947098	277366.11722806474
6114	43326.27349491405	651211.9297336215	79257.83326040371	103834.43121133083
6129	42013.126370710495	539806.8606916929	176572.549387919	13523.514910087957
6144	40660.651468533804	514416.9971476848	1150.8358790688217	326092.2152324117
6159	49866.26083095266	56.6992424088344	1088.7528925538063	257362.38958379044
6175	355498.5383543144	273.5937925321981	2997.415242224932	40774.191940730845
6190	71608.25692214078	48.719077395647766	8209.29858302921	43116.847658597464
6205	380620.9211433485	49.2180271205632	122790.81431801476	32076.049349162502
6220	482872.0404221249	240.17823141159025	54785.04468279272	57383.83214027911
6235	340314.7160557148	91.20643900811672	8001.59991449505	139204.18765150284
6250	13784.031642908129	0.0	5990.250422349459	401246.05188966746
6266	14488.196317439451	184.77286539552733	73190.14521053061	364603.06504007877
6281	9618.336426265421	132.69580371699763	33351.67693160693	232712.49293146946
6296	122223.79272686735	48.395796248922125	57549.69356374219	28225.091666449785
6311	157845.6276454562	93.05759660005569	58713.8240988005	23800.9296670197
6326	99880.60359655217	135.97732281938195	232157.32952297217	293807.7963154734
6341	142368.1807599065	136.8989937275648	230725.4332199455	131155.7326497797
6357	12519.11633383095	94.56965431047604	251322.4649396238	216781.47269713506
6372	15716.859332404732	145.84656193023082	49449.819072715974	37733.057031177894
6387	37189.75714625196	93.32833139835857	1377.3781253559982	60958.75640877403
6402	109929.27567941917	96.22728640560061	1429.9776285963878	220759.36256475473
6417	244347.46578323236	47.868852189257744	5465.801631454379	10162.46463236399
6432	124462.1946079731	142.53202540419994	8029.306438976289	12393.051199709324
6448	101898.94194741221	102.61873734728434	212761.61653378012	117503.05466244298
6463	121310.32030578131	184.86247137263416	188038.6621804192	66119.28008557827
6478	68.40387048108504	201.10511964559555	6018.126378945317	221111.41200301604
6493	0.0	46.690591962668115	3955.2518929245416	241286.05431981792
6508	751.4836916047335	0.0	3086.00179038085	27205.582479259225
6523	0.0	146.91079076717142	5857.150674565499	85.85241513792425
6538	66.5313708140701	144.29420023754238	6207.216879740899	134.36041076201946
6554	66.21166189067065	143.24296061865985	6096.798961639106	86.0320186392311
6569	66.76707181214356	141.24514970853926	3859.7194534692158	43.09144174146932
6584	147.43278278235346	48.40967434612103	4445.457435140013	232.23130207094366
6599	65.35858015597798	231.5308615019545	2176.4138477640595	42.93984047546983
6614	68.51540637798607	0.0	777.9885873377324	85.24156773984433
6629	130.14719594636	143.79940057236234	469.60498047173024	128.99049733366817
6644	229.3858854623744	136.85674172032626	735.9235381937027	130.4539741083607
6660	65.54530606847257	0.0	240.75955020355525	88.78497028321027
6675	133.55438163279555	143.654328035214	237.1787574837869	42.634326323727144
6690	0.0	46.9149182563927	548.9647370855696	85.79255550436676
6705	152.42175223588944	88.05400994436815	572.0728080409252	126.93391917787491
6720	137.69185731042177	145.11060900671873	445.23773332990237	132.8282482630061
6735	68.62655691904948	148.91380636424293	423.3623100529192	0.0
6750	66.39381624888628	104.33945149086416	443.28094581384215	129.11504575154746
6766	76.10937045323662	54.45383285731077	349.4123860779405	147.000504517369
6781	65.06952949166298	144.10191757741848	551.4362196676992	201.35438308417798
6796	67.79099402500782	47.22693222427275	974.6665164223126	0.0
6811	67.46776042461396	141.7530060357973	707.9774930400728	105.43640504665673
6826	294.5350514350832	95.97276106029749	400.86932598296556	154.58303046134301
6841	67.22650254786015	48.00700424462557	240.02534934829922	86.65137049381622
6856	68.22787785716355	136.18165415633004	335.56609265327455	88.23522926084698
6872	65.374965113746	0.0	164.2351435765624	94.74476498231292
6887	216.83317507315894	185.22734038621186	11622.489526172269	44.91401283435523
6902	0.0	48.3380582111422	22530.45995369276	183.49686065426096
6917	68.17453784868121	48.42006901031826	26055.20244454533	89.54694528877735
6932	133.10781143028288	195.8345572552085	40962.145455197664	227.70535956078675
6947	150.75572955358774	46.54288728535175	85223.71500781544	94.0608318225015
6963	0.0	193.45081521878018	86988.21587164128	134.18216677978637
6978	69.55976507626474	140.94663394913078	83846.99292177102	91.70138181273825
6993	71.98347317499574	95.78481209367514	66759.87246075705	44.07424051184207
7008	152.30847557519562	185.3423757582903	110995.01340478339	135.33213889839593
7023	131.69358262277208	46.61406558909919	114925.63475632302	93.05381210374645
7038	131.80798495754598	0.0	76296.47440846375	90.76605024224148
7053	0.0	52.55278221666813	99068.54118404286	98.39482156850397
7069	310.09279337887654	116.95019234344363	239980.34567013202	89.95430495917797
7084	130.0891063617915	48.60723964464851	319823.12440904236	90.99494547531009
7099	270.63690915107725	48.54214856204577	208275.47298256043	140.30924443379047
7114	136.96585466479416	178.92484803266822	268145.41365843476	45.85296566709876
7132	0.0	93.83511496774852	385087.5712496804	44.81649491751566
7152	132.50033893629907	139.4482249581674	357591.60634461616	0.0
7168	0.0	46.43454289721325	314528.8108801441	229.3239663942484
7183	496.343501327103	96.79982203520835	271292.3784485517	0.0
7198	1428.8357271282935	4704.19911708478	2160.0988913548877	3401.434377335012
7213	673760.5499979472	1622492.1788930711	443725.7118652716	549818.8013421397
7228	548362.7910824141	1203100.5630408598	325102.1536231049	517076.1287610002
7243	463848.83493302285	1094580.9076406215	322775.79169106093	503664.84936235676
7259	374825.2235121419	597446.1025350107	297432.6680609185	495235.89738767047
7274	540152.3903279321	1214634.6574416289	59213.36338366955	453604.10198338685
7289	467897.23718108103	915761.6328546877	196330.5020497005	376477.7037049014
7304	62274.957366700546	646121.7706976912	108478.50040463664	53073.64689957442
7319	38701.830608015545	651429.2375612439	137088.84444710612	35731.089633687516
7335	66966.47881842688	703669.6369338117	108799.04172872713	37572.71010567421
7350	202058.01675370356	261100.64710489853	3793.2766093434284	35722.121089913424
7365	41873.48957233749	109.09828201758675	7678.670628438591	33384.30396254271
7380	18203.082149719074	48.366034714272246	28417.464568202002	45555.74366165126
7395	14769.296995235092	139.82271889136172	119411.9973573261	81733.18968800995
7410	17786.308114059404	133.76998969648963	68590.46988378053	59262.38593455039
7426	30633.861919714265	44.330131572782996	9029.225466391003	359188.64323979197
7441	199039.15335954132	193.2527654349804	1761.5833320003744	98373.70038821828
7456	381926.3053792097	47.00950577408075	2083.4620841260626	13656.45421891492
7471	468215.75680419034	93.36149862408638	2008.013761457596	27414.982878955845
7486	347821.24412279174	45.79168328454718	20688.714766815923	303595.57932384085
7501	282539.23334524245	233.77218082398176	732.7706387042999	92024.37361229732
7517	289581.4673382211	47.60204297668301	1083.603991963863	184348.92301184306
7532	310360.7151906575	144.31713370925746	1379.888819783926	10455.649288543667
7547	358369.5254602365	96.37967639714479	18675.00086239744	16601.105203811676
7562	188424.77865318826	145.29644379548728	19176.967269477245	256690.9742173073
7577	9165.442976290584	93.96711281590164	20258.8177275224	322137.77859752305
7592	16033.397086190991	90.25926200388	2483.446005370226	70778.43180991586
7607	18128.789946553297	145.72958997890353	985.8502038015984	23807.451829536054
7623	70.12316283705644	99.10129256926477	69216.79146216711	19840.110882511923
7638	72.23951625242829	47.9659346465813	112637.45242878616	77099.55453098618
7653	143.30490160259419	257.14310271553694	55211.43130927115	208699.1374002563
7668	219.86164453238717	59.30007222220301	1970.9437934271991	52508.438661100474
7683	131.76199717758223	52.53415595008526	1224.790890669739	33356.867915652765
7698	378.312850266695	49.817988356226124	891.7849373316762	116901.32323564799
7713	333.6593568908051	98.48819693776778	886.699825103134	80352.55615015379
7729	338.0599289535312	144.0201842190698	583.1049789503217	1175.540881148041
7744	0.0	47.676838708492	1235.0470143723117	175.0475694037229
7759	144.9190547823906	97.26477284431458	5480.305210464144	86.13162188884802
7774	0.0	92.81162859938108	1327.0590862166137	44.67709672661964
7789	133.19327653129585	186.82052250534295	1225.4221994568409	128.55262914537917
7804	201.26548721205444	90.54985102183186	962.7965880499827	130.596492215842
7819	0.0	45.030228167311286	447.6060469301417	127.92915904149413
7835	74.62470651414246	94.89477033520117	812.3281253564356	44.06719469480682
7850	203.1246622186946	95.55586892110296	783.6156022301594	88.74588520486839
7865	0.0	138.63649291226642	784.9910265250503	131.265668160785
7880	75.72475499153137	143.8792371880822	4724.884495689301	86.04089439474046
7895	215.5365880140569	47.39364495888353	72206.74362826321	130.59987227924634
7910	0.0	140.37905150698498	22957.0336964092	169.33814322998748
7925	68.03086997911333	137.58172506317499	14990.635337643585	45.52142765656114
7941	146.21135960146785	90.85222684465349	2410.5744813063743	85.820327103436
7956	68.25058270979673	172.92667728513482	1798.6538974158466	86.96859185248613
7971	66.8902575161308	53.911834970116615	896.0091700352496	42.302787459818646
7986	131.6648839206621	93.12319589033723	824.4375226738863	176.76330190859736
8001	130.49024052106776	143.3052419856191	1025.9405971171707	137.33980181772262
8016	283.51735698625447	44.42820043042302	9370.284440316485	128.98616110939534
8031	66.40044449819251	91.87526841225103	37601.73454694037	42.204401966733855
8047	147.79102861985564	92.39616070775315	1651.732304848395	171.42298058271408
8062	137.94972124096938	91.86380559056997	3063.2619006723544	42.15694170163945
8077	133.05083951421082	91.55563073808327	1622.3149800979345	136.8482582924003
8092	131.5556654754933	195.0069611767307	1201.375742656924	84.86062121124007
8107	0.0	99.83317557675764	980.284029956963	86.63405597060918
8122	0.0	90.91404285365715	1316.6629281565547	84.37140843811444
8137	67.92278819628059	88.14731218069792	1463.7494356011782	85.76472337916493
8153	199.794625983336	140.74002893902826	1332.6124426748604	91.5170693957433
8168	0.0	0.0	660.3609643209727	131.06616564027965
8183	149.01199824447744	136.6235492180055	641.7512340789661	85.98176918380894
8198	71.92356434687972	140.2589283046592	1785.0889243130102	173.35609497303142
8213	196.39298186686358	93.45117879777216	167271.8702081476	86.25437761098146
8228	71.5754450199008	101.19103591200896	70614.36966112428	187.2819851000607
8243	69.74512180896475	214.79101110903545	4754.000648800063	85.52659952491521
8259	66.20510550438892	55.70529743098654	1603.5671916399529	48.25941205814481
8274	65.42452012142166	134.27431613624097	1370.7093481256625	130.51500864101575
8289	0.0	88.46596534911544	1113.3595958509763	86.91644887626171
8304	137.31222427606582	87.07506475863048	962.7584449515582	46.28029929362238
8319	65.87891584946775	173.57358102586122	955.9034794984477	86.11326897586696
8334	0.0	88.26329055308365	2312.1181333234254	85.66457273066044
8349	70.3854013721645	88.9395940165501	5566.93000466861	42.70388791662175
8365	199.26427514164243	130.32429958680646	52647.64188143826	43.40112091199029
8380	133.80279983103276	43.677619655393066	128955.47065016757	92.31063681780361
8395	0.0	88.87431201338768	5824.447039303669	169.9636495221779
8410	0.0	44.690199533104895	25606.0154298135	87.51175640892238
8425	135.07742468878627	177.63677789866924	481.33885661811576	129.8005677377153
8440	65.63299459777772	44.073358307629825	407.00841590613123	43.27428676876705
8456	131.31157364356332	177.84325471986085	500.2258876070101	139.51351415019482
8471	0.0	0.0	3556.12918741107	85.97042771903799
8486	0.0	130.92969556488094	16546.21725732543	85.59951707974076
8501	292.686954778973	87.3703759031836	30137.228185679272	42.43876589544117
8516	0.0	88.8226834975183	15597.31287133728	134.50710866594687
8531	0.0	147.97614608269652	553.3739503353834	85.0811602509115
8546	202.29312445709945	0.0	722.207706799507	129.25594169943128
8562	0.0	191.85288113396615	13920.001353070009	42.78528178925626
8577	66.25397429170087	179.0031050325185	114254.80744689796	221.2444327514153
8592	147.45803629606962	44.95830553360283	107680.38689156563	136.75408631367142
8607	0.0	86.39311139734463	81317.02334872885	87.19947273312137
8622	132.87569231385365	133.61673788263	149592.77527137814	130.04902530133725
8637	198.96083712927998	89.03456338310615	0.0	43.84094129693695
8652	0.0	133.18102511170787	175237.1985752078	86.16729298428632
8668	69.2575791887939	0.0	126643.16667192914	132.21197841268034
8683	266.5017303951457	132.12905969277955	199992.29716334876	130.48891191397794
8698	403.0902772396803	177.7308362999372	282249.07475381787	85.50422747246921
8713	72.28376582073514	44.1967460621288	154213.67529907517	86.2579558470659
8728	0.0	174.24581675827503	174098.56993476802	127.99121675938369
8743	66.30145566537045	86.92537314904854	188378.7780016639	128.69547192682978
8758	720.6466017493233	88.10535780258476	230362.96652912654	46.59234481841326
8774	0.0	44.65212130448315	320991.9613601116	84.69085907517932
8789	153.16874913532286	43.94931678408757	341449.6328448169	85.46327752474696
8804	66.19555176272523	175.4243799204938	312503.7451747556	169.1656221166812
8819	662.3003598570824	0.0	279094.06950131775	172.59858447978274
8834	1629.1379286831245	7671.337855972201	1933.4650052576326	2257.831015056185
8849	704023.6463368924	1897489.2075414115	495120.7200032119	570151.5685987886
8865	578285.4939657811	1183503.0291485284	321472.2636267079	488206.2349320076
8880	533716.4596592267	1027097.520443939	371512.4573093514	463507.88244388945
8895	464207.4806620917	662277.7634908238	231360.7603303832	470980.6412780968
8910	425890.8003117577	1034857.5846926598	183958.73735216932	514053.9414640739
8925	344317.01006615174	595320.1536638376	281458.9234656127	344770.63858199766
8940	68052.5239286701	610248.5296022599	122051.85403554668	52873.8660967341
8955	36714.89111986621	641564.3972330627	205987.36953321725	12160.017734409086
8971	42481.14181483269	672865.3660950479	74935.3875144162	13011.95330919621
8986	41593.2805300727	98226.6592000119	1849.3908339601005	15969.895016704928
9001	38195.883955615034	90.22148355513811	5628.251457486973	304243.67072658695
9016	40449.382916225404	44.35097487539984	6188.015077031737	419717.92845168366
9031	86301.0833125268	177.93796501467006	8499.351204095408	315738.69366623304
9046	135290.00508700736	137.68179177716377	7199.865005278961	149962.2266306622
9062	60021.82565496426	89.68414024114608	7928.884831121563	134930.19873581803
9077	128345.22987312185	221.62849502637982	80841.4075248035	308403.90085468953
9092	85100.06682035953	0.0	112882.9253876747	344893.65799848933
9107	162647.10460522547	43.745482474565506	2991.664745026827	178600.84443906453
9122	367242.2175090458	134.67051461733877	1423.1001762404337	211016.7068579163
9137	57998.03057675846	44.77836147220339	29280.701408852492	88153.69934137416
9152	314664.4958509201	143.72406969726552	126155.04355205536	142750.57986623273
9168	295597.943536805	152.46580322235357	232832.60908993607	32655.194130747972
9183	257653.0220381795	101.64313991703094	194483.23121577362	11129.958924773986
9198	72671.1168495788	44.5432927357778	128003.11211147225	15194.10136056885
9213	259137.6387763767	132.22012858875098	270193.7517198853	191969.55701642035
9228	108849.00903505817	90.58534526039847	16544.12732032733	73854.38802603394
9243	308737.2145944858	226.35466124613302	3383.6961340010166	89419.9132119251
9258	9590.581223209017	0.0	1150.5981027936934	211763.95468139654
9274	569.0002448964119	131.33026479958556	2012.2921648474367	12380.07126752981
9289	66.94044112801552	132.92178497057407	649.9821310472488	171.10940062239766
9304	66.84226128645241	44.448744871914386	635.2203735235333	85.79708008289337
9319	66.68620952986181	132.5037526799133	474.78377908344385	85.3966312110424
9334	276.5194718335569	43.97120759342797	399.23209507674915	92.48235117355361
9349	0.0	87.98555171778426	813.5767097056377	147.71117136566897
9364	131.21859794050454	86.69633498472162	2040.4779372741468	0.0
9380	0.0	176.85978475570678	2281.8435142992803	85.66756966082379
9395	160.73377684123815	87.20742188712582	5987.077518827358	171.3859421664104
9410	0.0	86.67115612755529	6158.689038660453	0.0
9425	71.58125864671078	44.031296870857474	5542.090588821423	220.82406989196315
9440	132.86859996280634	148.49966831332537	12626.733752153948	43.694231927683575
9455	0.0	104.7914264247939	3145.647898495081	142.89182267412542
9470	134.23375347395427	105.0218942436669	915.1661366812885	89.56093205757439
9486	0.0	44.55469917637762	100266.67166484383	0.0
9501	86.23814008992166	177.8475449550152	129991.80793784252	129.1280515313521
9516	142.68593274652028	90.40528747191652	10841.684517194371	87.41936292618513
9531	66.70326095758472	91.62381246188656	1607.119513947847	141.56428300002125
9546	199.66158258978277	91.27477233737707	488.266347719254	93.03847273916006
9561	146.28645836390555	133.56901364971418	1220.3728539786862	46.864371326426046
9576	65.91881746908649	43.1670948857069	180035.77336964093	172.19502380236983
9592	67.92479097811506	175.11215056676417	246203.4916009807	46.22529863952659
9607	66.77309781119227	130.14967220908497	257703.90706627993	85.56200374298729
9622	72.74148721803445	129.27582605827598	265138.77267979184	134.54612600536086
9637	264.2618092247425	43.87268808737397	298780.61238854687	87.26807901319117
9652	333.78823464307936	91.98432397088968	367599.97342366935	47.415390582568946
9667	508.6331919008866	132.15509245446884	360014.32495969837	172.24119354711846
9682	74.1134666763246	43.44980921587441	396537.3481686788	45.040199951827525
9698	133.87205742602237	86.6655143952649	377497.37677073514	131.3527577417437
9713	64.6799803071469	44.0178434382705	370244.4961016843	88.75682339441032
9728	130.53542288982308	97.60731550902128	346934.6156576085	92.8319214303419
9743	624.0445606913091	152.97850264233537	301032.2463673854	171.0790520630032
9758	332.18487260509283	5338.161835371769	3094.3101347152146	46.52951861453243
9773	675263.882047692	2580021.057082827	572241.017439737	1739.5606214870886
9789	491023.49905661575	1126468.085599785	412681.7128153114	651061.9721787148
9804	404781.722933802	1029551.5584170483	376966.02405708295	495799.90750879206
9819	105109.9551438136	582775.926257733	294831.24465099926	463858.0475580053
9834	99686.12979180335	1087620.7551691139	39306.34502505018	499805.4786139573
9849	120727.02213703815	795376.8594391048	203754.04736848676	511645.54334469564
9865	521516.41239694523	836804.3185334642	88146.21910009481	394036.4350272729
9880	532860.1747517377	543900.9174473324	248553.72818516847	55082.48020685842
9895	97430.23207026659	573642.9384669458	57779.86228503897	35745.136897022836
9910	37735.03818595165	212301.81820261138	2544.8365093052385	37896.12180187275
9925	38730.036283050824	89.03151866052299	6624.206892986259	36447.88804146776
9940	37542.26422732113	88.29743352267892	6750.900807233453	35997.507581487276
9956	38382.893493487216	88.25636885130778	115244.06250130458	159055.08448351017
9971	38981.64577961888	92.9423535913229	52800.776805710644	420741.994775136
9986	44373.89373535473	87.65344107313082	12596.61056663391	317162.98385225673
10001	40190.498981219695	87.40194022488781	3824.200978153944	87286.37616866274
10016	121048.27668985503	177.27952472537757	130895.01754247655	314088.4292703351
10031	155872.30251387003	91.55179300914519	6029.590120494402	326730.21486780286
10047	43437.00706397854	103.86037526194006	1253.8375940579922	106815.61012569792
10062	70698.22930212479	231.84152976488696	1533.8468259072301	66651.44292666503
10077	179628.80359920504	89.22074130286462	1334.0532947435977	97278.45261364276
10092	479230.4754393841	133.64409986771642	583.1331883236766	157370.40772700467
10107	340577.5752760565	131.7937309980998	1034.612276672423	33450.662275535244
10122	102023.58999820038	89.27511855504476	820.7619901411235	177182.25517655237
10137	177012.62787176511	90.51212176665663	11631.110091329643	65545.57281651514
10153	172541.4868422252	132.8469242677884	102408.64064900586	239262.99106867888
10168	125533.13823715349	43.81963230411988	6634.528766411569	66106.71332873264
10183	327739.30366504285	43.67671961888671	2354.93898703178	67632.20221715435
10198	67155.5032025056	88.55755653005093	1449.0520188647881	133.83458477069624
10213	88854.68635683962	141.12674379902893	56180.65871984402	142.86772242067383
10228	147195.89274464728	86.40723035299219	136562.81168760543	131.3536776354164
10243	31974.461253047957	43.610629492448645	48955.44330239966	42.78842079659924
10259	157.9036037760973	132.58962895190342	210355.06185369426	129.63271243811118
10274	317.79478855997326	88.72202821883373	85073.19113147212	98.65626230861061
10289	150.0052259646263	136.82472037184985	244559.23092816392	128.8101048925286
10304	0.0	171.87663105145097	36055.644491370374	84.08990928550251
10319	143.79834137577564	43.85519942098763	6622.864076057347	86.15048138698563
10334	67.6303380581364	182.8608012907207	7369.382866388207	92.62671912675724
10349	136.82170924495907	102.51395030761138	6738.749599887653	96.48087888561189
10365	0.0	0.0	4484.743876967243	127.6015398119716
10380	145.28916046570055	178.7333576786518	6851.983637551003	43.534453870644796
10395	135.3825262432918	0.0	11503.260684263802	134.28240136073435
10410	0.0	175.73628315329552	1196.986499838531	88.83144571259618
10425	136.0946677736938	88.01011722832918	1899.6403995199685	94.32729743400589
10440	70.945523335482	47.072981220530345	12405.612191707914	129.80323573839848
10455	0.0	175.7955172614753	485.12378565441816	224.1716384265572
10471	133.47522872071713	0.0	487.1964781757444	0.0
10486	66.4645187535882	174.905844907891	594.8968533022329	171.64537928614766
10501	147.1778641130682	131.64370424186347	713.0212964956881	220.4952084393706
10516	0.0	0.0	407.3073438756634	95.62171677869745
10531	268.76731383813546	178.62849505841731	3123.1696979564417	87.89270875014364
10546	67.93210240494926	88.32680010817946	5980.676391314948	112.56817365839146
10561	0.0	88.05759645774961	26378.466305994312	43.946363219185734
10577	212.37357292380182	88.19738629017957	167.42763334042394	171.11345809698105
10592	72.12501318875701	130.32099462097977	909.1060641400514	95.8804741640389
10607	139.85288079209624	46.97949002992362	698.0646400600672	186.56713317429646
10622	146.32763856983743	90.36401129527948	645.2873210118711	43.352771105617286
10637	0.0	102.2677541948855	796.0667549148202	214.97414982085115
10652	141.82438941674306	100.94279721334577	339.5956857872009	49.06286130806431
10667	0.0	152.6068824921688	332.9366938877106	133.74797826774886
10683	73.71181299548596	94.83438526824116	708.9593809238077	98.53464091934264
10698	0.0	0.0	568.189521230352	43.951552140712735
10713	131.71713009459899	130.8930025471514	661.5775149378179	138.77945797118358
10728	333.503536246717	128.95583572670816	12257.868178478571	126.75542571586556
10743	0.0	0.0	26595.533833943642	91.89875741305761
10758	66.50889478148427	186.70574152976275	476.34017009227534	45.66853930972051
10773	66.83227605952881	133.2344580795849	925.0405350270214	89.6163813242782
10789	66.61118821085897	86.74043657978065	721.0877456731348	85.30046770804562
10804	148.4134843312204	175.46531060462817	485.58025258451704	133.19964277430904
10819	0.0	0.0	557.4849502674118	42.8660160039831
10834	131.23408731143923	90.38105448048562	315.3603543468751	231.4128233682597
10849	0.0	130.5515348461177	413.8268419235945	0.0
10864	73.28846326209604	130.7463552082563	552.207597394036	128.59821472491603
10879	209.2413744407706	44.75822898123413	979.4819566655159	45.590744240987114
10895	145.63996152687818	131.39165719573853	59441.67271435056	133.81871690321714
10910	70.94915869429707	87.71207879355177	42325.05847973928	86.40135632008314
10925	213.46057600399945	91.03412248349748	89588.2092263192	44.362232380183414
10940	0.0	94.29267062315718	347820.81601975014	177.0150741488859
10955	0.0	50.50322389446664	207689.35024743798	44.88901909309905
10970	331.8615062972065	194.61064993787556	181956.3084941145	126.90336043389513
10985	0.0	88.29341002907604	182659.21083866077	87.36307901024819
11001	134.72846508808433	46.26228238787502	231406.56732014744	171.08747562749312
11016	815.3401124170656	131.30712131902112	303964.3200028952	137.86893600468525
11031	200.76589616015553	86.91077874451875	352121.6962792883	127.63728118458297
11046	72.51009832084179	87.12400697629899	353791.5989355546	85.98743931919336
11061	133.97485801588743	89.15751073424704	360900.4673908832	89.99177485391498
11076	66.65508292790037	229.81460516210646	387947.21603823325	88.80973910791799
11091	304.2945615154505	174.84796251356602	344578.43892355333	92.22485382036307
11107	324.2868723242916	2996.0328390272894	1910.2533909083159	43.00838887758553
11122	679095.0105734592	2661119.2292553093	502671.37976311025	2274.1629562999638
11137	600149.7865011444	1173188.8886171025	380194.90041377675	615124.3339972385
11152	565959.8013385081	1026385.415508406	328276.67750497966	474129.84648120945
11167	407235.0307557791	616922.9454843914	318914.90077046293	304042.56625133636
11183	442620.63016337797	1241414.0953750731	70089.28807166911	255525.48227609732
11198	480304.4550757065	999697.798517917	8083.68936279662	85411.09652921703
11213	116992.10187477991	953756.6868911205	215499.3164800967	200744.335260401
11228	45634.788134948445	598952.6342988252	159379.6348134351	483570.8181294858
11243	39883.419038657164	529060.6883207043	244152.18232239148	399429.7158597748
11259	160130.74416621655	335945.0734522895	53473.190713997166	59777.069843258374
11274	103548.45452326184	45.933987197820095	7360.260338684284	35163.15782862157
11289	410786.4987281027	231.2888965390157	28959.983062331878	79113.71049790441
11304	440174.2527901702	45.68816226539202	105623.89606562894	111346.00733384796
11319	444580.69895249186	0.0	30015.440710283343	405367.2675723336
11334	375156.43370650633	88.50047299543395	7547.312014709152	104187.86065740342
11350	71127.77467555887	140.53558714672923	132573.26545586364	374517.144954926
11365	55245.73997930912	44.15442122512497	204502.6201309322	371871.59452832764
11380	424765.35505433386	91.0759152716957	206063.51979739522	262744.9779343074
11395	274140.3734173838	44.428517958582376	238251.13364528195	31563.583371489894
11410	197617.22695459577	146.58400752330198	225136.19807037746	139683.98688111565
11425	93170.70417893097	132.44193692563567	248856.38020828218	267503.76845493057
11440	230092.41248140103	43.79232546545099	85390.85233298235	268222.49022833735
11456	84806.3032066387	141.35269273518585	1401.4747088193897	78201.76764692731
11471	38567.29491359486	89.76755961944349	2248.7529846020043	12487.899576044176
11486	143.55901129511184	152.4878117828211	488.37853983253234	66224.04754113838
11501	0.0	52.53708177100867	1282.5583325743678	267340.98072933656
11516	673.5819933418185	48.02223686240613	873.2891602336289	271519.0562579428
11531	136.5722984081693	190.68786466419698	636.6208044521883	53695.45193059445
11547	337.92848069411707	88.9999477867037	1634.7291720708643	4745.9843730151015
11562	66.54771372222807	135.1148877295386	1136.1036539999347	48.167546798288825
11577	0.0	90.81199838872068	2106.078130113334	147.3825670145452
11592	134.68279057205655	136.79493013322354	3827.0141646357624	102.11351236856542
11607	0.0	98.14250692234374	1106.2031830666492	152.77855091328732
11622	134.80412909151056	87.74412902751938	2012.9832691624758	48.920627276985904
11637	436.23342958529486	179.846617667377	1379.073940628292	49.86012063021306
11653	67.67734334067441	133.50458603650333	1681.8268665884436	95.56980481998995
11668	135.356355016334	94.15162129090167	1124.007730075568	95.41322311568074
11683	0.0	95.36750659011304	472.59015620970166	153.35720574907958
11698	0.0	46.290225016772744	545.7341647568858	95.99032908000983
11713	133.05966104507445	183.44655053317547	858.7328014795481	149.06354660410432
11728	0.0	45.181035236064346	1682.5601063696104	98.75094788506627
11743	221.19840799560308	136.8130751340464	3950.6193340006485	95.25432201474905
11759	0.0	102.26133120579645	1329.3345772002544	49.336412153067066
11774	134.70084515558557	46.72264976207167	1613.2229427337643	50.72289480269887
11789	138.28991114225238	197.2980745522678	1860.7467843703926	101.70519829131663
11804	70.30706618007272	100.28020753115416	1442.1820340669342	187.510123193115
11819	74.06777270771563	51.76328957532067	1362.2214418117799	147.20992555858567
11834	67.81273905154318	149.69439990465995	5327.9971246200785	97.36221105024218
11849	139.49285408249125	184.84545778483152	9863.19667213376	157.74605199925134
11865	0.0	0.0	260735.92549890222	100.84400673374533
11880	0.0	135.26749670282004	62843.915454882175	50.149100826904174
11895	199.7612428329885	0.0	2526.964250017628	97.64544992446899
11910	70.11894059962593	147.17825668757783	268271.43229950103	205.6158206861466
11925	131.61541626624762	90.88268313540146	273213.2695442283	48.4305748473946
11940	74.03865698371082	131.8546197668463	267857.6705254715	150.94313304852693
11955	136.06485520608723	136.40228554172907	176551.92845727937	46.567912077293734
11971	0.0	151.80738045503387	73357.7429766502	150.82697420974262
11986	208.06157454662025	47.784104555342346	78768.68663677544	0.0
12001	650.8814996775985	88.63754153053276	254017.3014782961	149.66162643805148
12016	0.0	87.40433990577236	257856.01173407288	186.98026043642312
12031	290.0500555023551	96.15409018361942	236686.61556950797	0.0
12046	0.0	47.6943687453866	278664.94716882444	148.84608295829034
12061	73.81599350368604	142.95281929801683	332880.4272705943	47.57856175148394
12077	139.78657702445983	91.46616700351238	360888.08753827953	145.1106429297477
12092	68.81713286206126	150.71426971927286	370064.69570426363	96.78379327431321
12107	618.3781336542685	100.9963876952324	286441.7065286973	1062.4189005999779
12122	2046.7033193006182	10069.258930281252	1857.2129759368022	1044642.5771087012
12137	660046.2534380512	1396870.349167719	379928.8651432812	608671.4601513615
12152	525494.9640536408	1089145.6052053452	217616.27060200038	516045.68983828824
12167	559151.0419882998	752647.9617171163	293972.95730683935	486030.8830978314
12183	489203.1181567575	808815.5290348369	277404.84046387346	519685.57694640284
12198	441064.6987466002	1045553.0950284379	33734.09748757276	508323.11730458145
12214	257896.11862205138	681140.0671077147	155023.30080431493	125479.27321236521
12229	38938.40942767939	620705.003062504	249875.32569575304	33303.73031919614
12244	40116.692472708775	677303.6472464398	281655.0978819091	67260.83423960209
12259	41561.18529578367	610650.0000549853	109880.0587555206	471797.5950337244
12274	88591.79236678885	18337.28532020092	11313.145966308753	387626.8927062713
12289	15543.631478853184	46.092126498757864	16668.742032936552	50663.41623911269
12305	19731.32017518663	139.2859302916238	1456.5960609805586	130328.05851242412
12320	122016.61352055272	89.4839647472743	899.0775104750319	188601.1843596576
12335	394843.20562810346	144.34771913652307	672.9853737257794	59851.67245684329
12350	52993.692459730795	96.26227131634951	29172.505283679813	242685.2410640247
12365	163281.3252696006	138.14054848413448	69112.0030256329	107098.84197239313
12380	96956.3992622456	96.20765996899456	49486.56919124594	86581.65081965708
12395	200617.94898935093	156.61587381119838	7275.3647209466635	223725.7463568002
12411	197509.41097697066	51.83341648876667	2366.1784056220204	11607.887465476282
12426	37690.92041324245	153.6315613421146	1386.2531797809756	8952.600842247753
12441	206039.44313375172	146.8008963761665	4460.013534884452	16584.11992380492
12457	270703.342464712	48.73970348065719	19511.782906310633	18555.16692723334
12472	279024.3641384366	135.80618597951252	102097.67908222495	23650.560296460157
12487	143125.51567412366	47.09636601263657	143003.02928960134	210712.70463686206
12502	41604.14000843989	195.40057823358103	192312.57163616305	111231.46724289535
12518	160768.26736218773	44.600568727175705	55141.209874901084	261810.99559878046
12533	64737.39047815484	88.44349317997694	60116.45470339172	73189.85336327855
12548	313.6986657674611	130.44606938964688	246110.50077089094	15759.56856927909
12563	582.9672712074592	92.26578094705008	69877.1642375646	58415.3572754024
12578	0.0	98.9177515321318	6171.507069010995	190946.4821503624
12593	137.42851608127356	0.0	5557.802101652642	48.12375397827942
12608	76.60457075390964	175.32441654933618	113114.90174164153	202.22725241562352
12624	70.94542583820876	48.04474010481034	30070.02348193314	46.505004994687624
12639	149.8342389151454	199.50113888652996	1180.594997434616	144.6119494032115
12654	72.45921357220038	137.8199398888182	1729.3358150437477	51.141475307941434
12669	154.2209364802111	44.05613944801502	2303.0976439118385	145.87994325768202
12684	137.00412109412252	50.36119964412879	613.3391902086697	144.32716445750555
12699	0.0	205.16436120260508	568.6516665697842	98.86841004922987
12714	137.02112542913295	105.80165648907423	718.7001708577574	49.18288950696588
12730	0.0	47.74815093569923	640.5675076687336	148.5056746736169
12745	0.0	132.2936237017298	417.4827579296892	48.83080458731856
12760	134.3605169852823	176.92135741142556	241.3833059716411	93.99233089394868
12775	69.12842851132154	46.818157881312075	799.6184994800946	50.36202366843354
12790	78.08842001696583	95.02212792847305	738.2813410395383	95.96908558672294
12805	136.32531996589154	193.45750704109668	396.94908846020695	46.74219233227894
12820	68.57487613440492	44.16837342145387	498.51364242481066	192.0471550476551
12836	67.12414058163762	88.53443642612547	878.7253111260197	151.50334240340163
12851	208.40165863484143	45.951309266639875	647.2346192660926	189.67813649773598
12866	0.0	232.07984738498925	1271.978152368218	91.28437674611807
12881	69.8353529535234	94.68623257940635	2015.1487321893133	0.0
12896	68.99409374268726	89.20796035379172	884.6557969211786	194.3863903475739
12911	143.46887221761048	91.54025166027247	1522.4245863357557	0.0
12926	0.0	139.89499127939342	1300.4548126124776	198.28908725351096
12942	0.0	0.0	1519.7221233048335	104.7031384035945
12957	240.34002425534652	181.3490364598483	1225.4429418630293	147.97615564189385
12972	67.7646205907967	92.61060901597142	2440.7698579992075	148.82457985914778
12987	227.22831820528953	190.35470718780533	5236.590053592941	102.06315866069868
13002	65.48203030724544	99.63650095993653	84354.87501617969	100.40717678374611
13017	65.05528446123004	0.0	65023.26914071366	49.28669253017753
13032	69.49488594777883	196.19941378654912	2281.636029779166	140.5024832930742
13048	75.29991018157452	90.24514239054173	72742.87328248145	110.25657339979894
13063	0.0	51.69948769322131	360843.3501584866	145.11712753553408
13078	67.74776163903996	187.423045992963	297858.15023840044	50.338393694199624
13093	70.04608257126063	46.30615335750394	216503.63002594616	103.23089429005981
13108	147.08096840265208	98.36242825435474	176626.24431315594	97.87384686855599
13123	67.04904838526622	137.8401550789224	157235.03979691706	97.28308657770977
13138	200.0404535124963	89.83289114914834	213773.1103054986	48.354266548110175
13154	552.742149707079	89.49350065009668	312742.58986633597	96.08103842522017
13169	0.0	133.605136711942	361063.2523108555	93.19458237360232
13184	201.73526511111763	45.03262703821063	342766.4143628662	52.31921813625842
13199	0.0	145.6946491471678	379100.3432509811	48.12905175804626
13214	133.13666686296463	90.04313936444	328580.1470253798	142.4351467343699
13229	147.00694953463972	174.75004274781793	337290.5109144682	235.2273804996163
13244	581.1646997183561	47.790194822475314	325256.7621099653	467.3197543019056
13260	2305.472809373243	9131.710400032998	2155.8301742210983	846712.5868079698
13275	721398.4186521805	1393121.6535933635	401886.22168295714	630913.2457126202
13290	375231.82280645735	1167478.439434622	253569.29118702502	510965.29757028364
13305	546877.242665513	852204.2733862768	286962.6961056692	507333.9270690059
13320	530039.4516197224	766211.3434047225	313437.124516405	508612.61996121006
13335	546045.4025511331	1154906.9802506648	78776.7799941394	497245.1157495068
13350	203268.33622779467	636718.6098926571	2069.8843364603817	215211.9726825441
13366	38044.54795441942	626581.0549922852	69948.93330575443	40380.15467463347
13381	37117.153120883835	671084.9415860807	229530.58948810017	38962.26909384057
13396	39167.42712398906	689986.8951124948	79372.76917413711	40815.75806310012
13411	40510.42169488827	33516.695491740815	169326.91667495816	42907.68779783625
13426	57249.20427554085	228.52065060005987	10113.086448199338	40412.96064008503
13441	298767.1851258837	92.34287613332272	830.2557371607983	42786.138809809614
13457	356400.481995061	133.4149218039494	1481.7972077241538	203162.41875740376
13472	50459.1219411999	0.0	1450.4686351152138	68405.33245066898
13487	414869.6335093969	286.9217720578797	1707.6017242502421	43909.09182597317
13502	54390.447465687874	44.43207549071405	4222.56542059064	210378.6406819159
13517	75225.93118754328	91.83114334844984	4239.479511260986	371613.10093503207
13532	117351.46325596607	91.8652628531307	70343.43124789692	269945.22497586603
13548	236196.23657112438	148.42880084504372	94036.5848764402	214139.18699020878
13563	41632.697950482914	178.23238818192854	3774.434361950681	112506.78133282223
13578	294748.95545669284	44.48502055783756	7693.740915573835	196112.8821236467
13593	316830.22879094956	139.92739920929074	15965.84896765642	10630.689200669545
13608	140005.8373592383	149.10934562454466	59111.14998018681	17875.818502997652
13624	195373.09014464132	101.6083161175251	150925.6923367851	112380.4279122867
13639	344757.75316619873	103.16895968329162	236759.80579180148	123279.5264544108
13654	41158.94374345429	134.28422915115954	204281.92530104652	226576.70883737385
13669	22204.524034883663	97.26281730703079	26735.32818638384	106235.75943506147
13684	832.8221130037307	143.81722152829173	1512.340812371578	247476.68606491966
13700	673.0773346986622	47.57294845702127	3659.9443735186705	32097.56836476058
13715	150.86164774894715	132.40558108985425	227457.6678212328	47.704430449754
13730	0.0	133.61281884536146	129536.5968436329	148.71722098372413
13745	68.3135008693207	43.88532727122772	2531.0869166704365	98.99144155435265
13760	135.89718715399505	46.052415375863205	2297.492235246394	95.04363770782948
13775	69.21653129905462	136.3166885162797	665.4336359675973	192.90261534683407
13790	135.37944428700953	180.38316176261753	793.6889412581921	99.30161673711613
13806	0.0	43.69695505764801	488.2977796323784	49.238730299887244
13821	132.03125045043416	89.12460722294637	971.0271779128026	101.17408903613686
13836	67.6819772872841	46.24841668616049	729.5860520306882	203.52377986628562
13851	158.1717814846337	141.30787593640386	550.4978077979665	0.0
13866	0.0	43.44813992410898	644.3446249866485	96.35853879241273
13881	66.14194997772574	135.969983856529	1294.518417024822	147.2578241162002
13896	70.57345084786415	102.6691552273929	1146.5734617486596	243.9047316227574
13912	64.8710170313716	142.38848100645004	903.3642717647554	138.45298596699257
13927	66.19263642622158	91.88274020315149	20743.310570227804	46.224241960966026
13942	66.14643629774451	44.84547856680583	756.6122241150588	85.76184366837144
13957	71.49897491460666	218.78861915881282	2070.6123282909393	85.9058584567532
13972	130.3387641269993	87.50347986887209	43191.95205707305	132.93758653638884
13987	133.87971638403832	192.40579015510156	1206.2255334483457	87.3077702006977
14002	64.99194092024118	43.789867501845585	678.5727882993966	42.71940170151181
14018	142.881342228055	176.75875222748147	2720.903718241454	137.9556453259662
14033	67.68273254028988	42.890310701532286	3993.4350595772266	86.90219064743258
14048	0.0	138.2971494134143	36529.37081359968	85.88683501465246
14063	65.30150424715131	44.733868083423005	236363.89786705386	84.67063198983669
14078	0.0	44.313914025574924	74415.80578038323	130.73543252259492
14093	130.70122171401977	129.6938477103878	3625.3661985963577	126.87605073594489
14108	67.83134805215522	133.94180504815188	2059.6498221567786	44.67287356574554
14124	69.47772882680408	131.95864129364492	1275.6123375311495	88.74132578049786
14139	0.0	92.3475676716864	2406.4585510522124	86.1635135269072
14154	136.063777782619	88.90053706671111	11226.145475597978	128.71670205983798
14169	0.0	88.58508496545255	264156.0117490459	43.038626485127025
14184	64.8434397129342	139.183229390108	369136.77960885764	86.60099483817815
14199	291.5959691318497	51.21285226047039	233995.66757337708	131.8062001477182
14214	0.0	202.11073781030254	239890.06539831462	89.2586288342625
14230	136.18418283596634	44.52762084496207	317595.3086182391	214.31718759776558
14245	832.9181922122743	174.61303221672773	314444.45217326435	42.926850293939935
14260	152.824297003448	96.3294442879781	323577.72304569307	142.55417907047087
14275	0.0	137.70361203772947	356385.3741845059	42.491195552386344
14290	0.0	46.15958039882593	378278.76715931646	175.2177413204871
14305	0.0	46.210444829906336	350392.2519460594	45.66475754866842
14320	219.3045248016715	46.86975073887035	319340.7027712605	130.30854647438508
14336	698.3507977587869	191.11968852417544	335731.3240496369	85.66555725246668
14351	323.9649022810813	1938.029878609269	2838.4766460849346	86.18420373564587
14366	850866.3648903683	3375668.6713354955	486906.8509574382	600327.8855510115
14381	439921.9371980514	1230876.5087455413	362768.6923677412	492390.71205759066
14396	545019.1256015741	1083731.9393048529	328285.499434311	511349.71338445216
14411	520828.8393570797	560134.3385950923	312719.254825673	486046.30329906696
14426	542246.839930995	1102459.6681803074	165975.07128513532	488448.85640212434
14442	414870.41966390575	987530.7177128543	196891.0086505807	473795.8195578033
14457	80205.89914777403	893159.9004228531	305884.84755543456	140898.54410360687
14472	39114.406539280935	624495.8237774726	179999.15670195446	34422.76043239266
14487	40552.24785852968	547718.6558683967	77810.2130938251	33968.03418932679
14502	44440.52462066171	383489.5850736343	2215.7126557107454	35116.29427585782
14517	38444.846975827146	56.06233653876465	559.4448918905855	43750.118986392525
14533	40358.701729075234	295.60729590512346	2425.9058295339346	297178.6063336045
14548	118722.89560682731	91.53282554745674	2367.201285767555	384478.3953829921
14563	373529.4621380605	96.98865758432075	4620.400273522562	372414.8778494032
14578	262045.37980677056	46.47832350370008	5227.950392607672	126481.291932813
14593	142906.456917649	139.25364553004968	2798.885180272162	93705.5954938343
14608	192442.89742848635	94.6041306326352	4364.392772284914	69026.34146637023
14623	137672.4143448693	142.3859636727674	46004.998045082204	98728.699196531
14639	104268.17924192175	46.420444622640495	96043.95996933481	78828.68022292377
14654	300716.6620282662	137.9739929636568	27489.73358347621	102466.88631176644
14669	319845.20437185664	46.81804371755104	4772.3639844601275	265399.2865605712
14684	325161.49532688956	140.8562870958075	3710.824700564313	168630.7573541327
14699	47647.322029591916	0.0	58714.847016980944	264292.3233595646
14714	356691.9927861879	238.31646468658	207495.1330405546	94382.87111664913
14729	188936.05200249594	47.17271941050887	104895.36776186868	44342.61233102996
14745	16788.086016156838	92.45980064143427	212428.16571107515	227355.1419548474
14760	5565.671923491056	140.6238762894552	122577.613740992	180354.2932948801
14775	25506.930700487494	286.6311509503005	176642.79003557045	117729.04346171535
14790	1386.5178166951052	44.716716643767434	119392.30682620949	962.2065814084466
14805	140.09159162250347	148.8125741518708	3780.2396412324906	128.99782699253876
14820	0.0	52.377675206959246	1236.0406166531143	89.24302815345116
14835	213.7816529738903	163.2910583623778	1133.7135227937995	137.94513401281088
14851	71.8653340017423	143.5460170376161	1290.1283617092479	191.44138996327297
14866	139.2719377379492	52.419896463775075	740.7564538063109	43.3401694582263
14881	0.0	47.56256597712636	443.1042514296714	180.542845788002
14896	73.41886661265045	141.4254543253407	976.8876776448078	0.0
14911	0.0	145.6931142222276	569.4249473123252	43.67280001193285
14926	275.8294961646199	0.0	567.8956781128609	139.62638368598186
14941	207.17667462563608	90.31001750992611	658.8892566598207	130.58612718887161
14957	76.9373810645938	193.4641739598103	659.9128180497885	42.91183497831226
14972	150.35851539231837	94.5610939987842	787.563389445003	129.5788611537125
14987	0.0	186.966101180017	711.2266855127177	42.88960855469108
15002	0.0	0.0	750.3030574750203	174.96422138415278
15017	0.0	94.98683504520915	395.58833263206765	86.92561955206097
15032	0.0	92.86176477888598	809.2648123642429	90.62376454943791
15048	76.91784960404038	187.95373889867216	400.7665560563561	87.33311344847083
15063	72.76608575344086	185.6824991177581	655.4941543381289	0.0
15078	0.0	46.00161165527534	499.6484465087951	85.87004977746867
15093	140.67804819457234	0.0	527.95465031147	215.1464450109517
15108	140.5394269258715	239.66066511932294	1135.2972580432895	0.0
15123	66.62764445524662	0.0	553.9778668745979	186.56012013103813
15138	77.94414304811508	105.5585576967895	518.4787487973646	85.49388260773384
15154	68.45513873444405	49.401898439778016	1427.6248468726874	86.79897956624627
15169	274.17498537540433	237.92507509156133	1380.9284726466005	42.79894589651842
15184	0.0	0.0	6028.7881420524045	129.95781302798073
15199	0.0	245.05560832433403	2295.466726491814	126.53830508295445
15214	211.3855650498066	0.0	4627.505444497892	43.13998097933829
15229	0.0	141.0158421095833	6058.074774554299	92.37093879059888
15244	276.156799947666	91.04672655139119	38113.85146908164	85.3621060231328
15260	147.2829640841484	94.0829468627274	2047.0244702015075	136.19330719244667
15275	68.38737794904505	138.32524948277046	1276.755851655602	170.77676202502101
15290	67.94099733039737	93.01684231859632	1311.7852996339648	126.80345239964313
15305	68.69223479256034	93.11521817070432	981.2922227253018	127.64872744895519
15320	0.0	46.40114529849496	484.67773663356905	88.17761580424383
15335	211.08755004845563	139.0346798718441	661.3778040240705	129.61326716252603
15350	69.77191673805937	193.30212895613164	39586.867447358985	85.93830233131536
15366	143.79490320324896	233.72727760672566	214779.5023547205	43.67279720124323
15381	82.88647073093802	44.73391183328815	76299.21294371645	85.66505846919492
15396	68.89012453462928	88.6120461060293	2393.839181470409	180.80106470681727
15411	133.3457151302509	103.00227954220958	2937.162879905999	89.91983983516693
15426	0.0	151.43472362296657	47981.1530135269	87.05341612488962
15441	218.872199966535	93.31524375066161	326593.92506244825	42.27243268853519
15456	69.29142388820648	148.17885902144013	212600.40780305085	283.1285106632486
15472	132.93094393207693	44.43617281867191	298275.9678876375	85.9818791741319
15487	300.1923369312286	181.1642876903154	347718.9484078513	87.98977908346802
15502	330.9454899850068	87.45642143210397	323221.13109803654	45.586828186078925
15517	134.30156258918345	88.4605317594111	348971.71942096273	88.15233934907242
15532	0.0	87.29235423474573	390375.5854036461	86.20380498848856
15547	142.88109574221073	130.86134324851446	381616.60104027216	87.16584785595536
15562	69.34851888258476	131.4640811470477	316661.3249257405	84.08657502616755
15578	0.0	132.94386403178794	304708.51357775234	129.1204063732736
15593	0.0	90.69950077353046	292344.52045813523	127.90585577401333
15608	2017.7875508084892	5357.011266264953	2560.964299908243	695.608663611114
15623	705220.2142447234	1516048.7977702993	427950.55759833095	1130206.0907635603
15638	587656.6706135254	1127210.9297158518	272709.67038273026	619773.703696611
15653	533898.8161045664	843701.9258496511	312548.69198482705	505279.55771840655
15669	525051.0275473188	783671.8879241259	282942.45752620406	518001.5371784011
15684	459586.45614773064	1199099.9056936856	113948.0692167025	471503.93814025255
15699	325169.3550671065	657822.534040217	269470.40984321747	484420.1149512621
15714	39452.23767297507	614172.648130059	214453.61759967988	174245.45612489368
15729	99482.34654619097	672732.4999778228	143197.3546531871	36148.172762872455
15744	272845.0476201182	651724.7088278899	5592.777651978004	36691.84380865993
15760	14266.22468706291	39435.566852064614	5108.8226491941505	37262.93950821071
15775	23884.741141502585	89.39963304251432	2437.682796513084	167194.048806985
15790	52809.31546842639	227.62301722280682	2715.511260433564	107311.21826076774
15805	191276.89446048767	88.16402398824692	1379.9451582887862	79763.1705215844
15820	115993.77135405465	0.0	1272.4343105351923	349904.8278740225
15835	284656.4806649959	132.26223031686155	636.2564401620626	323755.17308433645
15851	125365.92829196455	44.023786515202374	1173.8786608259195	389646.8361751562
15866	54672.421920525136	89.17233965158462	870.1080098025501	42924.41757056984
15881	277180.1623838289	137.66262705847623	664.5386309101805	219848.2897061225
15896	248158.70981851628	87.63744504004717	1376.0587419292099	201504.07088929703
15911	61551.8218533881	134.00738658806773	740.2796692550182	92488.44118802482
15926	39630.52579498239	174.56082329154015	67777.34998703476	234607.19027374155
15941	162936.09014466032	43.743081572400406	117413.49850190715	67044.87928849697
15957	119669.69741743621	43.89312826228794	5770.438920557499	75864.39086750444
15972	55996.768704783615	225.75348490655887	30501.124448003302	292230.9243984079
15987	346466.07653156517	0.0	72680.13541711456	289856.71993260516
16002	165046.4915649034	137.3059871596098	154049.3987809779	33791.1828173981
16017	44552.665411723596	52.51982257381081	191375.9142527842	86.93247999452055
16032	86753.33530981652	101.01649891250767	109986.44579245539	42.943584248092954
16047	148.22739302158357	134.68433104076888	28040.562500245276	197.5313390311599
16063	144.46317027281037	152.74566812317818	5194.6137959075395	87.0824889412243
16078	138.85050603911282	87.76331713243388	18228.171815417812	130.35576379675882
16093	0.0	135.42849407358096	117721.90196978627	131.96131218105555
16108	266.47019565012306	134.6399465337396	8103.4738592343765	141.25496167081408
16123	146.36877076178789	44.5788109473791	122514.39744749317	171.3501205438748
16138	133.28717474541628	86.96094554327428	49520.921984485416	86.74078683611937
16153	0.0	88.8525379189197	3406.1485244027353	93.16277783498168
16169	70.28100817352068	172.79240533674135	35209.68089707153	86.09291303612292
16184	78.33325892341789	88.02678042425774	164275.90482100396	128.38366370338014
16199	65.84640502191614	129.8942812617123	234198.74767275635	187.78345148731023
16214	0.0	89.26761049099267	6612.20298566591	43.34192793980241
16229	267.0024876022339	86.74813929515891	6313.511403475924	90.29406853020191
16244	0.0	88.93592180292121	12157.365602742877	172.81812979012727
16260	211.93712952375412	131.48674279568252	8131.157943667146	42.638730659317226
16275	0.0	0.0	1136.478129755971	89.60718701739796
16290	0.0	88.16151255433448	1010.0308541982668	45.01717292367015
16305	320.4989460907504	88.31541491001845	1010.979067946002	180.74308809868992
16320	0.0	98.17180268230848	349.67202618928627	86.31276803998277
16335	71.21467900873627	156.06868827531113	433.9456700404873	94.34692803681828
16350	135.61729214306922	191.83569678956644	1010.4456360018253	86.45467714782804
16366	74.11072109925095	89.07680820315144	863.810919035785	181.34297975677998
16381	68.40922958729789	43.98488731861114	1373.397836753167	44.62063724949956
16396	205.97931511360218	179.08643319156022	2063.849503446305	93.4752937693242
16411	137.25410975307227	43.47515493373387	5677.215762441232	131.9581478567468
16426	144.21325782604515	89.39533499783836	2088.9342187442485	127.94347251217347
16441	66.16096643358469	173.32021840855478	7338.2429717817895	94.57634204618633
16456	0.0	0.0	18183.615901869238	44.6740785703063
16472	140.20216780453922	130.15734228435437	214815.3867904969	129.87706989283674
16487	148.0092448459938	132.17324354523328	125469.20109109876	142.6488140699314
16502	65.4418927740911	44.59007308473811	251810.85804104724	89.81905185790733
16517	0.0	132.58159352727233	329299.78672973975	94.48624369486235
16532	69.4993645888567	88.15949865386821	321533.94894646155	174.89610062599183
16547	690.1661529123039	132.1959484875435	387155.27011602785	138.33574960269033
16562	146.56318678446115	130.33352999579162	392593.19334940205	44.45304042838514
16578	69.69401450872421	88.94321989640594	367449.31672595895	172.07915173055605
16593	274.41689553558825	86.95486520579085	338346.2549122153	99.01512134534306
16608	149.49903517518192	176.9728165894747	305416.1424893469	42.7883744089026
16623	66.04088136199861	85.64375650936738	333198.5130665272	99.5814765069168
16638	198.65798935795203	43.73988256972283	308427.7957335883	173.06755547085777
16653	0.0	190.14307268947363	287410.63588530355	890.1942295623571
16669	2051.8694073888473	8210.648594070972	1785.3593732555955	1124631.212723119
16684	642887.0733031458	1606319.417115097	437740.02929236676	630164.3095025215
16699	502862.84517106984	1130385.2105152304	370954.29977779055	537188.2792135801
16714	494685.2900205236	772235.878650028	338187.5901869181	373065.72883530194
16729	460755.1589451544	938698.1194978149	296925.9171210385	31854.6677667552
16745	400610.74739659036	1078330.4737288204	282906.0440699137	118483.81387934758
16760	365009.97130670445	657432.8154245785	266364.22677542013	500026.29319972557
16775	38666.783978796266	621606.6231918051	248569.43932073464	447141.2849121117
16791	37113.95551975317	616908.8409248845	200678.914105846	83110.34338296585
16806	41427.63087284745	560724.8458431343	27116.307216720605	38888.01455830003
16821	41159.68929546103	17156.338946696716	1729.445548769832	74452.02816600318
16836	169479.9702672188	133.27778076678516	1647.824654087629	52723.48441038272
16851	397924.8934840042	133.98911651532165	730.833629675433	38864.54053576393
16866	523877.12818086735	88.70663590265438	669.9727506989612	62441.38275964253
16881	349456.4357248102	132.2918650060147	1313.380522592459	287551.1855538312
16897	117645.07532963066	88.00145133803599	1432.2411092636412	70775.55367341057
16912	151393.57584650378	131.39700459178536	1307.4067430187013	12843.177264491467
16927	305514.799289158	101.0118996950239	1322.6180452445149	19638.785304249577
16942	44854.32980058179	154.49733921084086	908.5062750676647	233657.88756850542
16957	167095.075999106	48.712342509510925	1169.7648867141734	52409.52846855298
16972	153967.08210625692	176.34290028244257	985.2543739462271	129997.9920662631
16987	59255.716848722106	134.88129687184934	1017.704496650677	181958.34707107002
17003	11494.596576595008	87.68084095221944	1167.1039291484747	92659.04023210182
17018	12059.822933920666	89.04763546887786	1245.1734875620157	242892.88671204302
17033	15303.754324318394	130.5658761475235	1279.2419925013185	90973.24529636554
17048	91608.14073133208	88.20539296236821	1245.1184584245088	252382.21271269963
17063	89592.00696011886	87.54888608509674	981.381371665746	160262.5929506939
17078	23621.842688418496	133.54244250431657	1446.1847257563468	57169.19919985104
17093	70.39597102037631	175.74939348325134	1525.8921421648934	102012.70959218792
17109	87.0636739239702	43.934145234958265	3030.8370748858897	93983.47386882424
17124	134.98718642378225	43.181505457237364	1307.0660812300446	68343.22598244695
17139	407.4707990545034	131.47465977568646	1803.1189956441522	71426.86498571042
17154	140.73990051805973	90.67262850123457	26001.11567788305	215610.660488612
17169	0.0	269.8145466090739	109844.32990780572	3041.6487469170756
17184	214.76965871293095	88.99088690423406	67547.52990243706	138.82430565261282
17199	66.52897926781327	43.834702485734596	174365.94038838282	137.22974528098013
17215	0.0	144.73803046168294	165970.99515616355	84.92358526121825
17230	0.0	147.54183100908995	72788.44964297874	133.93085257614032
17245	352.6054380941205	99.50405808569863	178308.3325682978	0.0
17260	135.20934905439614	146.20518083497882	235623.63654420548	196.77455827124416
17275	200.72263411409688	131.01655302055647	33851.17460356068	85.9073146224115
17290	0.0	90.04190376096405	4329.414820588827	92.07467908766121
17305	0.0	130.52510248295033	5172.58612598557	202.90703143240884
17321	335.3959653335391	0.0	12545.40253985211	94.98473147610203
17336	0.0	44.13869583681226	2730.2916815839326	226.87789063248783
17351	140.47058606754987	175.06179794915022	1854.2882133095204	42.74996139295399
17366	67.07890772279352	43.293906598985195	1033.4237581938505	96.16321077942848
17389	134.8822570948582	132.48045958156698	1523.4099486043492	185.6793330949545
17404	67.60079407939688	43.90278499207925	1223.5247942496558	0.0
17419	0.0	89.10777665094473	1127.040857462585	85.15542742697522
17434	66.34960782991257	87.16929383180104	890.8324808748998	181.01739868601783
17449	66.57124845746904	89.26085118003189	1082.8756983219505	0.0
17464	141.857585099414	87.81307662146166	397.13604637710375	136.08344172442798
17480	78.09367892386392	87.62522445835174	568.7892559437454	84.85212096947245
17495	0.0	130.110918826852	487.8566555902362	46.22304164806847
17510	67.89118677631487	44.139282286288214	900.60106586752	183.83436316816136
17525	130.51476512879134	130.5607066086447	433.31853092554957	46.07240649343934
17540	0.0	153.33833676497454	272.1574881298095	129.13869816311168
17555	134.00521258735097	101.58927423600107	790.8908830611035	174.757064229697
17570	0.0	0.0	546.2432160293777	46.06233852788806
17586	202.55890677507966	130.97178913448005	16742.897132564052	95.1637927637156
17601	70.6203731027618	133.44521642178296	106543.78796565857	145.2949427112937
17616	66.75665893291588	0.0	1157.8429642592557	135.04253005727662
17631	135.04870992416517	177.55772966505958	1544.4110344477926	129.65095057580618
17646	70.37156150557101	87.47871456190012	2734.6104808629398	133.99066281066277
17661	133.8636532873474	44.028733157948594	3485.930466677956	46.090189209892415
17676	134.9233395751845	0.0	725.3372440009146	145.35466107353568
17692	68.64504243850708	132.18574371158144	320.68594296492637	92.83158794880845
17707	71.93079970965162	180.4282906588912	890.6219464715009	88.1011728733778
17722	0.0	0.0	661.1279528520628	44.82704707566183
17737	202.074561170605	134.1062638627365	1529.4014316188077	145.076762508424
17752	0.0	88.57047207485884	78919.02234740452	45.12660994633101
17767	226.87184846372344	178.07189410682767	198892.0252209003	180.13738688830287
17782	146.5828183162026	87.16791782087647	325617.434575099	87.98465345827863
17797	68.70105845570565	176.13140010153876	211641.39794246608	49.25080640715081
17813	136.566050093472	88.14950721913017	235036.3391556532	131.464010623307
17828	0.0	0.0	253223.0635047101	45.101932312855496
17843	421.37093824893236	147.0461952072289	221176.4168415492	174.29743454067037
17858	274.61088885292406	111.92404728340917	197977.65283589475	152.09894924461844
17873	472.6235225603543	222.90606954023244	242716.0918161069	90.06804151386022
17888	0.0	0.0	233164.10139082075	135.73536850742528
17903	67.59134059395642	88.99044736823998	263735.5942822602	145.83255918726326
17919	137.972609430179	135.69456646118311	292346.02571446495	87.16831978748553
17934	206.36984715700152	88.50758708149195	310023.3892541773	44.74498228120618
17949	0.0	88.28674151040613	267460.0041877175	134.4654684642283
17964	0.0	87.58486265729181	218256.06239932595	133.54345492109655
17979	1911.3075471568388	146.12425365854054	176552.1258991211	87.15394900247455
17994	1650.1376576312632	377345.7969852084	84284.55054212564	1142.782762059849
18009	424589.50949571904	1288687.9653350248	400479.80513664836	688140.7017738656
18025	506410.87605804566	841239.6448603169	327701.1114029125	559482.0250658294
18040	554254.2791204419	887551.4780816095	340839.39487704897	521538.3299374867
18055	456148.14392565994	665784.2769967694	239306.44018774616	510268.201332344
18070	490429.60976969555	900252.7440407338	81904.78252448588	488636.7600541698
18086	449237.39743958454	667852.3549480605	312177.9936892304	514231.3342847389
18101	58956.39700222225	607446.5826218596	148872.7322063175	47647.490663166565
18116	41438.983190334584	644159.6798833739	8124.515463430888	36358.915598027714
18131	69575.29578698147	687487.5050183516	168323.2062453227	38140.68072847266
18146	344879.3236825586	81001.50291565438	20744.450414716233	38582.012636805775
18161	335322.16097657	152.37317678790538	12188.348873562814	132654.26285983177
18177	54601.31363096025	46.56302155817393	41328.24384298995	353451.96460982517
18192	47212.4800544294	135.23339069550855	3203.182421207428	49399.936306552736
18207	480301.9032897855	87.35375496508554	2515.4284697189364	19358.174345754123
18222	236814.70866730157	44.22955949242227	2451.9047149497264	38995.56726617465
18237	18049.158062154296	131.55475412832106	1346.7748955777754	13402.79230179787
18252	16478.935345792917	132.3501182722114	3505.9125693449328	18140.448695882817
18268	15487.784799920535	43.588252155394294	27524.300969151795	227190.5577125345
18283	216300.7582453165	132.57419296642763	2388.1564595376335	133929.64369159983
18298	278864.8173388916	133.40281716030557	1644.2639079594617	284761.16965316
18313	282352.61319467064	45.616187353637066	1413.4710235571863	312421.2296399751
18328	307346.15124204167	44.99388474056032	2003.7375042140484	128305.79514954585
18343	77148.90470656514	132.40972992514259	2617.076864192867	348508.5300154688
18359	40983.585103574245	179.21653321392833	20143.319438762654	246766.4382945487
18374	298949.23918072344	88.55964546568691	966.7819383824711	196241.72557776462
18389	109353.29704719962	88.19671396629884	1119.2268034863841	100792.11002137807
18404	247.0383796443511	181.16957897733897	2545.195460414356	249987.37459245135
18419	454.2518846717477	44.451365421344526	1456.9545216930328	100459.20705533729
18434	343.0880167007446	98.9566001187358	8396.48547914836	85.7992614391353
18449	71.26957524597645	101.91417983341962	41170.21700359652	93.50139045879244
18465	72.43704874752089	157.04518358620348	960.0194608992432	172.33085868183522
18480	135.47175173439086	176.48699635058642	2958.914425247116	88.49780499475077
18495	0.0	44.33063176733907	1256.5288030063082	46.35997997388244
18510	68.70242921113967	89.83096608876251	2090.9203422028663	131.79003043536096
18525	148.31455674111842	90.3296621020697	2130.533749763667	130.78123447980266
18540	134.49651547908783	43.9423704882944	2060.160226972536	172.6889656781219
18556	66.90461180731654	178.327471445743	48621.816875809665	85.58251046483404
18571	66.73955220103264	87.13853373742663	93667.85887773002	128.39967259797265
18586	143.60614283421077	88.30407116115093	1195.5067444300653	42.7532515897695
18601	0.0	134.9341260328889	2485.426230901201	144.2014563381672
18616	66.61552564064506	88.38916928117163	3527.319988730549	88.24310088579543
18631	66.09043642513454	44.165488008791584	204995.4956286166	44.27987159227953
18646	141.9045744100213	133.21180727745406	98430.51759445523	171.82569314852356
18662	205.28223191881085	132.58256942362524	219330.46943252155	43.363404187294655
18677	134.04416246406734	132.5268550060317	197398.82132769245	128.96648366846145
18692	0.0	0.0	245429.83583766437	86.52209814984352
18707	214.53313612786587	176.5647278791666	50144.51985126325	137.93332412380727
18722	70.84754528105259	87.32680827610194	24547.025555880373	129.47170425157526
18737	0.0	134.29434744760394	1372.0544982988113	43.009171513253825
18752	70.12364975508302	104.95903044044971	746.1866236883029	131.32625483572485
18768	146.22941411873325	51.50695060742553	1119.5498499055998	131.5132574262796
18783	137.94093981854618	177.6889654696919	854.2631435837596	87.23476737286896
18798	0.0	0.0	1750.559873359911	137.49616802271456
18813	336.13149219453334	128.50468875057064	2276.531153331678	43.283679831959304
18828	72.46950736243278	43.97465356927365	3398.290529492051	129.92262876897118
18844	134.06963854655623	130.31902232584542	4250.803040713257	86.3433208540082
18859	0.0	133.50434002384543	3455.3426419173193	86.05069256932475
18874	66.87520787981339	0.0	2848.47505003713	42.77216411923058
18889	423.3874342305959	132.34247603670696	4089.0474677953493	128.2434159895219
18904	68.52929950956255	44.874053264996036	98253.6263699906	92.80667479347437
18919	0.0	221.86804321897216	81128.90394190775	86.11948529194109
18935	65.97418938472867	43.97060183203313	4238.391176339091	130.53427084609865
18950	74.38628881579265	87.48024861060082	4782.073105396907	43.02979595437646
18965	66.76097875116393	133.5220951906778	94450.03081723933	131.6941696976591
18980	0.0	133.70206893843135	354301.23925368214	43.09300124645233
18995	214.99682486857756	44.00778419757262	237286.33013775296	86.88998826146126
19010	153.81419367553667	88.46578539624811	306041.6956870645	138.0595330811804
19025	0.0	88.05002578714863	315857.77202056575	129.78404405739158
19041	138.94044971214606	182.37660422492772	319116.40497140633	85.647172952611
19056	69.49826637190766	144.33430923450274	339762.0997312837	91.24642830491067
19071	0.0	113.21975962002762	358328.42222355737	212.23741142638028
19086	198.27691275229677	145.7014029534906	394759.00042195554	177.61601735495032
19101	0.0	139.07669387700966	366774.5774374608	45.31081961292774
19116	219.7127654783428	89.60059653169475	297407.5108379678	142.58865469738842
19131	87.79594727693126	134.6539944805205	301140.568124191	87.82780332318507
19146	868983.9423346568	5948160.38458851	763329.934723165	1860.156653836039
19162	596677.5251566278	1289044.9466672265	387180.3274469882	810362.6276224322
19177	397858.32131501444	1079934.613905594	159691.26532558902	597221.7401609047
19192	481112.10209018015	604560.3130211143	321020.58051357215	434246.13721068425
19207	549628.3472441838	1057637.0325282644	300333.4296756953	256364.50285431935
19222	536477.1692757774	1147452.436487873	55355.208355177514	99602.0398698051
19237	257643.4040251968	931351.2906917771	5106.7711818016605	100645.03361416541
19253	42464.25102033466	603006.3926697565	145684.68368169153	526434.6116830311
19268	39017.34942821363	535925.7755530509	214748.13743373478	431721.0779038372
19283	39733.949868157506	484332.42193841527	129466.44027223685	40539.50002474789
19298	65195.297370239234	45.03178667213768	140530.70565186895	49588.964337194804
19313	148165.95039948908	177.81810601711274	40070.11670976625	38588.246617870565
19328	88630.01532069685	44.46476026293821	9701.723234291447	259549.9976794863
19344	43002.24260024531	43.90274837319739	5787.724469102918	87713.95355464576
19359	41329.31138305744	157.60273964233696	3866.0458860723124	207341.854790191
19374	126282.4019499771	100.32555322229862	25249.344325780505	45700.77047854949
19389	234945.16511942612	190.24281061904506	70179.08494579606	47740.698607239945
19404	450663.6456279886	44.050475257635114	41562.22007084283	81150.24263498628
19419	383800.6036495819	174.20738095968963	110257.85921757288	178583.927216849
19434	9539.346278029858	131.57367700401227	4383.349255542699	94776.0222528511
19450	13536.285856147942	87.26848664749414	7432.252607730032	222974.7896386506
19465	49364.339786559605	43.90357677079272	28476.913746940863	80141.65163387044
19480	41300.9196705791	132.16093158200385	216602.9442384274	283243.89675365976
19495	39925.797483481336	0.0	230025.9645896363	119140.75587962415
19510	68037.30137486586	176.02512156790124	108868.84776227488	73986.02411285667
19525	56929.81876429216	43.861070131510495	111272.17544148494	48682.38788665547
19541	307274.494579151	45.60223612111062	2494.4196083716683	55251.031869263796
19556	285711.6418307138	178.75121531425043	117660.99299338236	96233.99234704746
19571	173918.88665600697	87.38947304427624	34813.30817035105	244798.99687293964
19586	13951.62733497377	131.0679803078156	1062.6759816956708	233349.5567486112
19601	17818.69408929795	43.0490848745266	711.8950311333267	42.91962915793992
19616	47249.218188375235	0.0	407.275834929198	44.71603859839495
19631	209018.69809918245	0.0	497.7931215316616	46.943981882790105
19646	0.0	43.11365983015392	892.3232408735903	0.0
19662	0.0	0.0	1236.4224242491275	135.35070127818267
19677	0.0	0.0	932.314443118125	0.0
19692	0.0	0.0	429.77370625552726	0.0
19707	0.0	0.0	874.7168899308051	0.0
19722	0.0	0.0	1120.7052425027825	0.0
19737	0.0	0.0	1024.1979470543563	42.71184194573201
19752	0.0	0.0	908.4625564318894	0.0
19768	206.88803109297527	135.21092508430593	978.9307657037862	100.37098866132088
19783	0.0	0.0	503.00912002176045	85.24606799541972
19798	71.34187356838491	88.24570564329625	952.4216801913457	141.009672472626
19813	0.0	43.867134893164035	883.6566784232855	43.37878700420261
19828	67.01662121862174	176.98172784514725	798.414485169947	141.85719039961697
19843	67.75849690660834	43.62827280089259	404.2481780242408	91.67107221239246
19858	0.0	0.0	543.3862356282771	132.98209761346692
19874	205.00800569371788	135.25785985730587	823.2061830286866	46.21863357499242
19889	66.4322706925869	86.83919001690111	558.6410243882843	190.9167522876896
19904	139.8952674905956	131.93898122166286	966.5659733724966	44.61908759216778
19919	157.3150936635956	87.71302662083879	630.7203283074126	44.76658939286135
19934	71.91475754084532	88.04478542466649	769.2832756674103	138.09706049739384
19949	199.49899905086497	130.05711989692412	560.0946828512102	136.2747146629449
19964	0.0	88.37854478409514	12692.914909696654	135.19458084715995
19980	213.4024555903673	47.29895299463533	14349.64839758049	99.93960943073965
19995	137.72307309670373	156.51779511587227	12753.569261150358	128.78005747639574
20010	67.85767461617478	147.98249253731223	791.5453755951022	92.57754748961888
20025	133.03932025909424	0.0	570.3973034366918	94.22887007867918
20040	0.0	130.24804926145356	1020.9953437734862	134.65292834694498
20055	66.76953849837184	88.69438999501989	796.3253506608306	43.458236884363
20070	64.9305453848932	130.05267050477676	712.7323705076426	143.5487561434228
20086	133.42596245393156	44.55434722173959	2701.9895759233837	46.98921666857321
20101	70.09028566814493	89.70540880397894	3602.171476032018	144.58499854965135
20116	0.0	91.08494811162353	176323.1962692715	89.72589985870756
20131	134.66482040941716	130.98349254062398	56009.294499135845	127.87264058260249
20146	134.19984426605515	88.25564181383699	743.4772486178298	89.02862596401013
20162	72.31999701457099	43.330131500833666	316.19616196034474	45.8606614436023
20177	66.30657619163394	87.84557222872972	657.1533111995459	134.1663521196926
20192	65.92106195569039	217.01373045146465	791.0186228577514	141.71390631236136
20207	65.39108782757074	87.93508829254657	1079.3831374655524	0.0
20222	0.0	86.77625208944082	890.9114117300509	178.8517044163309
20237	153.56485487591476	132.0963706606161	553.2895098440349	114.05882023535669
20253	0.0	43.6724664747715	670.987860571146	94.20553186663426
20268	137.0057273566816	150.79258017674087	294.12691067084666	137.74754127267747
20283	206.82294621985406	106.10539766401052	3655.6124008063225	99.80932784825563
20298	0.0	97.46075438603759	1351.9427216434478	139.26542107991875
20313	263.28672683238983	173.27428579548373	899.2135012592378	172.10606468915938
20328	133.91457992216573	0.0	1622.5722724051495	87.0266249513626
20344	0.0	130.39127914087382	1115.8748470228165	44.44284989784472
20359	0.0	44.06621675692499	1289.2694168972969	127.42665554811248
20374	270.32653267979623	176.7845358282607	2563.04818983078	87.98054508797824
20389	0.0	0.0	3888.3895417925924	44.61441612838302
20404	0.0	86.61889588102699	4454.738641986623	98.29446010881104
20419	73.77336891116575	43.84564531078097	4688.313184955119	92.50206110469998
20434	0.0	86.99549827672541	147265.91234330623	86.01633278796449
20450	0.0	43.846449335287325	298124.08887638006	95.3484842422884
20465	130.86701321974397	87.63053832359611	228384.37025970535	49.077644836055114
20480	72.00634322158993	87.97277351682074	284391.80934372084	171.7220843057893
20495	132.1853970269859	216.65194078925995	276588.659715576	43.95993609722238
20510	201.34280270364133	42.94986408140045	311874.3560099846	158.09940409943462
20525	264.06095822542903	43.21089700007811	287580.6479403571	53.83803986749146
20540	70.82746987760066	218.68089163012337	331447.3719526135	44.32134547412395
20556	0.0	0.0	351883.67743842525	128.3970326283155
20571	264.19750881806016	219.01245189085603	376649.203262435	91.68249915600754
20586	0.0	0.0	349282.8516141356	46.059775032401085
20601	224.49682277846148	44.722652648808435	327099.648859312	245.5520780224353
20616	1146.9860497030243	129.82999878151807	313910.6867655617	43.05775135902688
20631	760926.8553302151	5691.994889920056	2589.180504871369	2627.9815809275956
20647	429043.1101018947	1179950.1906620774	371431.6839868216	680552.06913731
20662	556786.5090236111	943172.4699479949	356940.4123211291	522553.90968961717
20678	506674.15044247446	641136.4887210771	280206.64654630865	499655.7841683426
20693	403062.85613323486	1120145.6558895765	50859.31382349394	458651.67184917134
20708	181469.1084056757	925107.1159465533	23574.363085516914	504707.9089382097
20724	152458.78171453372	784972.5462150382	264697.9199153267	385757.91617845563
20739	32028.61805666819	543875.6442890754	114850.12912051669	53999.443514173705
20754	40778.42057969391	559073.9536587354	197768.87990219585	37186.6976725461
20769	45148.15855814409	165769.23125623586	16590.153615275773	40238.18006162243
20784	72191.43361240983	220.54034837058748	1769.3895296032078	127366.07107337762
20799	191333.81265674447	88.23511809415184	1605.9874509353933	256446.89903589876
20815	45446.90187143653	43.35923136797734	896.4853321057183	103923.00468983308
20830	145055.95998647885	44.60761746683624	2717.236428427971	383245.1466968498
20845	409832.2401907734	43.13833746362943	857.6666719640743	83311.37374771119
20860	362758.9647282128	0.0	2119.180604350641	34109.69081070015
20875	100530.53186571063	43.54129431655165	4694.560604369594	13097.40921078706
20890	59819.550142068496	0.0	1054.1659110095816	62307.27947528958
20905	351343.7814925027	42.75048774503171	1065.4064928848063	285652.7085522558
20921	186911.66192869307	0.0	2089.483876246009	107655.74712116041
20936	91071.26842949873	131.83227956685238	46294.51496703327	332899.4669924709
20951	321796.3804790431	132.17089186128695	79681.99310783946	82726.01724092019
20966	162597.9675375851	43.900481745977885	193104.10467878205	249135.74432942583
20981	157633.47305641253	92.13859009901994	27256.26227160796	99251.3495093894
20996	246530.778851973	87.72676589541138	7779.5668707131	183849.5441853002
21011	10617.851457590052	132.9297410127148	31542.666525676847	121724.33887068206
21027	15814.712352443412	90.02968836936168	221704.8458443784	38421.350674285815
21042	35399.23799414449	45.07919998832513	44267.064926370425	201280.4534972672
21057	92402.03780752589	88.12358660168945	23841.663354963763	249.286997878924
21072	142.83272236824035	131.67694115485062	127306.62938744159	42.96938007155433
21087	280.2702674956061	86.92057192420587	247751.02951411664	96.43359011559747
21103	69.1442625839822	132.28920472474303	17947.354685262588	147.8425147600472
21118	82.22309555690735	87.60073992144316	104861.03507830689	113.2107398122549
21133	136.2904743218422	177.56818219438196	174148.61079188055	98.08395838644356
21148	0.0	87.43095645770431	237379.49596850065	89.74128627479077
21163	136.50750650301575	130.25141868084668	102123.63190004978	213.6763472509803
21178	0.0	87.58081004408189	625.884366972968	48.228042288795116
21194	222.56707609334495	134.6746966570476	653.8444637703896	172.2394745752029
21209	69.32775579657405	43.28051175739151	473.1532028259337	46.57125194924883
21224	0.0	133.9287202998949	1038.4834294058103	89.64532165303827
21239	151.51564966835082	131.32157894774807	1124.1539142557235	149.01346039629075
21254	68.69581267610192	88.46990348987282	1681.0734457555036	130.5024956714781
21269	0.0	0.0	3172.9290206214414	91.59781743554399
21284	224.10356663994492	174.2305027501844	3900.228205673118	85.82323921900243
21300	0.0	131.1471154756425	3556.658131299019	90.38857072591782
21315	139.60721023008227	134.60571648166513	3427.717524640635	93.19299297980965
21330	142.60940870851277	88.15596740721725	161939.47234208594	130.21933161356952
21345	139.47843653202057	69.70581006484572	290252.2066914256	94.29957365906797
21360	0.0	130.37764477679505	269442.56500158616	217.8951024003327
21375	210.0115099575743	89.23002092659473	246073.6356596145	93.23702500852757
21390	276.8948250536621	43.2507339602476	372715.9946720367	46.90289617697708
21406	141.20936423711478	131.49555934912058	316131.06723500363	149.86395787314513
21421	74.09288312758785	217.68891962857452	421909.66531082656	48.44154757633805
21436	365.67971249185507	44.24321736421436	315483.3171692534	86.03324478765018
21451	0.0	87.55087047518231	304825.72196202114	210.1189649844542
21466	135.36883904501795	144.93029098279774	291831.9349704016	131.78045905821025
21481	70.74070844126399	131.2137361005647	301422.4583713731	87.24788431318477
21497	0.0	89.49343779894524	314224.0544394426	129.72941140506416
21512	519.818930426538	1902.4188482198865	2903.213288831189	1127.8100377991796
21527	828333.5598179976	3140974.6211574124	469405.39105518576	745964.8246170837
21542	644374.1396794216	1272450.947468582	368234.8331581953	578074.7739995117
21558	547090.5301232366	1095660.2521303548	331405.46339480806	488998.2288808048
21573	521641.44699348847	623516.3350334712	322921.19581617904	521619.04340445664
21588	512495.1717622846	906378.525275874	183505.43689883171	561360.5925947137
21603	461600.5490131841	1213168.0020317752	265031.142470411	396611.39968371746
21618	123494.82943014607	889609.7795432163	189607.6999780308	52409.55010085531
21633	36964.95366033987	628069.0909888819	235986.77241591315	37804.4316582948
21649	40250.053393573435	516618.6359182551	91717.83227682342	37387.55361981913
21664	98132.24584936813	510929.60641260946	180294.88162044575	27202.682997382308
21679	157643.9855125581	1479.7632986918093	154131.08850279753	15310.482668829558
21694	414429.54653316404	88.13976234845818	7832.975430049376	25257.286315362537
21709	360452.6953749537	87.77773195326328	6917.417455450298	73268.75218935964
21725	148752.66172704785	130.18242533549667	155354.3764847694	269382.99923347816
21740	237150.1661090118	133.58440832317805	94226.35240250005	151130.43593233658
21755	451448.53738332674	175.14716922171414	145738.39534306125	308296.65610201104
21770	101383.65596246661	43.85794791184366	234535.33230459734	154228.22297191096
21785	317973.8543738649	88.044467211999	102925.95539499466	156710.34572886332
21801	14881.927264478189	135.70097255570815	6626.814206832649	15133.377442322904
21816	12241.83790774584	44.1797639657883	155544.10605033784	15108.32293502474
21831	15298.331756123986	133.32946702994406	13130.88464361156	20797.703389438753
21846	34117.1642667023	87.36909426480531	5546.1893441070615	10544.862370879013
21861	163030.09704984725	135.87721754613798	4132.446626198189	11117.555240437687
21876	61770.88873450835	88.14593857812696	1155.8284217437028	11265.388147184345
21891	305475.1209825289	87.60210692696273	5228.109158347362	187367.96701875934
21907	229984.19704948098	131.3741585651273	24131.35947135859	35051.28281472089
21922	213.40684073567388	0.0	83625.5211585771	183048.07921118563
21937	0.0	264.5132186091598	6061.899624354243	268362.27690695453
21952	71.73226482033729	87.06502527234144	6119.821159203742	249421.40567057926
21967	154.68862951360643	93.87200400009752	6072.916755669116	81345.4688135536
21982	272.1559105911059	44.46317190527916	56259.95950859354	155872.16147297958
21997	71.8236402110383	176.6409441705607	261404.0372855416	11799.866607850929
22013	614.2241027858108	43.53588300719857	222496.42915438485	24545.98382699862
22028	71.47942605659365	44.577066581407564	186096.93436172282	160776.09007315064
22043	73.17897953040898	178.65770897598938	124329.55333283929	448.3293302727956
22058	203.73806901186703	48.16526550699957	162607.11854622047	0.0
22073	0.0	177.81032305046915	147756.03731198623	128.14154869921973
22088	376.6215002676705	90.54319886961021	213722.2888253695	264.1383509474248
22104	421.5742367340066	43.80909186096862	233976.85805325795	0.0
22119	352.8493089163676	176.49895226560534	264875.9338721511	131.99233535944484
22134	0.0	130.11318058749197	211864.0121146761	150.12119215796235
22149	74.44328043596819	132.6023687327234	269064.1661759417	43.34860189110041
22164	73.39967902380042	0.0	303159.931931918	185.19715048352256
22179	226.66655094034041	180.17912783488632	291641.0285178753	94.60413509071805
22194	0.0	43.3466562576592	305063.4530553106	176.0131096035801
22209	148.2347645620443	88.02778808211907	286567.8267758457	136.09053178764412
22225	361.2749472815916	2266.8320488499476	2426.6217924166467	85.88340659624897
22240	824603.25353963	2772272.4036559993	426567.8139863304	1130.6008796627818
22255	605425.366678213	1192940.920237486	281170.4369368762	576891.0766576834
22270	442482.3033380679	1064730.0701784913	264903.1931141625	494276.4432029753
22286	121610.47533214526	710859.3013335112	309417.2917109207	495480.33005244733
22301	150114.35713863373	1196006.2168459808	144781.51970869128	491045.84003558627
22316	198870.9449309807	1086112.4332147604	9890.4426435645	469775.68606339797
22332	284204.9175474271	948004.265524282	257860.1300186124	140391.2570922339
22347	440633.20035400765	560804.345888929	134594.36138067374	39884.234438175896
22362	46695.07632865976	536457.0074326097	77009.92093127918	39339.16034116759
22377	40513.889186317036	347757.2695477791	109537.2686318607	36279.79129233079
22392	38412.74218583375	134.84599651258438	6860.555813938334	33375.731338953505
22407	61999.096394711334	0.0	899.8092968568208	88719.18707216698
22423	256354.05318546473	177.32029749650508	1138.9733509753505	165956.70967005249
22438	73130.66669346362	43.8728211670788	1314.4088394451887	241466.111846297
22453	361875.3088431987	223.1124851413071	3984.945828046608	340172.96737646824
22468	59519.459403081564	43.44083179045469	1849.9064163532105	109073.87423099969
22483	111487.18550139653	138.59683817545417	693.4237877424806	151845.28794508724
22498	245710.0830766687	44.61952191206161	610.3110284876824	208654.7250613304
22514	51942.69198012647	131.90845542215277	2890.314073182141	15598.370928538217
22529	142609.3526609313	174.6984614012763	1399.4510264661162	12446.233111904636
22544	295399.1314466279	89.21496159845032	1929.3122087056743	117208.59705217989
22559	108785.29967882931	43.47228858843446	2683.9701488005276	96560.89767756764
22574	164007.56636288686	89.06191269465722	38014.193736856214	271836.3600759061
22589	35380.97296355486	87.53615924653597	4338.018654059969	190391.37684322833
22605	133197.6464816241	133.52760367157867	2454.681230163388	135812.84451890457
22620	56169.44173043754	43.18301179040223	1007.6163022650964	270035.99307414686
22635	301296.04710143676	131.36982282284183	2641.576082000732	82903.25855791039
22650	126767.03965712729	131.48668358678464	10466.105251112022	294714.23043356877
22665	8736.002333179582	48.60628358283546	23775.772648595273	18591.56671910342
22680	13080.872239839846	129.93020442425274	1587.0477548392678	46.33418786592782
22695	115719.0575178333	132.11221980939155	1318.9532590512933	101.09539980858564
22711	58560.50794729828	43.8516230633948	1606.1158296598117	139.36209957072046
22726	31176.01385108586	133.7067371612275	20150.045241074095	134.98015727732331
22741	135.72318273377604	45.876010636934076	50782.043791385724	172.69233105067164
22756	139.17634349671192	90.24014770777896	20640.834384915506	94.18795265431515
22771	212.211198422648	132.4251748699788	29871.476123738277	90.79668363167904
22787	82.02749131128192	133.91925600898918	177631.41824467556	135.44869755836203
22803	0.0	0.0	3999.4647344878176	145.1418643645942
22818	0.0	87.31677329099738	7560.536804220217	85.40577505501919
22833	134.6685595177114	130.06893337788063	89292.23986752845	134.08401201792063
22848	0.0	89.4727621640265	221690.54114746753	48.74820518072695
22863	138.57642371460796	86.51055664272047	137727.56013483368	43.69583309877664
22879	67.15326096374541	131.37860112714117	166140.46542049732	131.61197345155756
22894	0.0	43.5723788440926	215537.59043443983	142.8642897871323
22909	212.10328775620087	87.21876025926322	31404.61811530888	106.13992429803126
22924	0.0	44.05302172963508	3415.0421837323584	48.47007238120306
22939	209.46127758113667	132.8315307011129	5024.113563610021	133.18051912587137
22954	68.14087499096989	87.12056080874987	2495.0756693010962	156.5963673088001
22969	142.21250276042147	133.0526289577922	1348.935442250222	132.77588874959852
22985	136.5607938531786	43.44948367536999	1052.55091915912	90.86126058184541
23000	70.5666535618389	179.15505380457267	678.9729685057328	85.11471410419792
23015	0.0	86.80118156903423	898.2933863970915	85.93920065464452
23030	216.36970410036855	44.26768305740785	1299.4769568580764	93.92597796893679
23045	0.0	175.1530165481195	1316.013956305012	135.14171550432218
23060	71.91088968001306	89.66260962635279	2177.2789047832316	141.66078778081106
23075	71.94959804805927	130.84700593337416	1756.1074549175796	87.85163726856001
23091	77.09761780176312	87.49674890507944	6437.455446204396	86.1098154018633
23106	136.1830977024138	87.46426208761521	25674.163078636455	134.1280438209325
23121	0.0	174.99833484906702	1526.9336469466566	86.62305108000524
23136	142.38681929588319	0.0	853.1492503591301	47.779806694546714
23151	67.65447793103755	43.6123781841062	788.7025879285018	179.79945637414232
23167	66.2106707713008	87.79172554389574	590.1322456645967	88.8897207436245
23182	66.54683690738399	86.64092372744344	2442.800992093086	126.56211515845266
23197	150.85704454645514	131.37698645466475	41761.68124913552	46.51298011988401
23212	0.0	130.25453649956268	40595.7066609853	100.36683932737448
23227	132.27585463106632	88.66485067605973	1017.4994212353229	152.7123240843415
23242	71.70379223841708	43.481683218479155	758.342430920899	96.00244152938947
23257	73.78556563705206	338.1721049234271	788.2910392049698	100.34603850261308
23273	131.78685284033418	0.0	439.1858334839344	90.32972096384503
23288	66.13469344791491	43.83421645901632	777.5055999923497	140.51319045836573
23303	66.61021278239787	129.8666720757354	860.5937776351348	170.0872324277647
23318	71.95382569074631	130.02567676420324	1808.1953828758649	42.67533672833815
23333	67.39112385548651	87.92262861587108	2345.903417872265	196.9707033604011
23348	0.0	131.71173880483488	928.0922860002515	43.780038308603686
23363	73.46739615335595	0.0	587.2070345603815	186.0013261725381
23379	148.88865353132599	178.6012948319316	1523.1193866449785	42.78970478773117
23394	69.12375639379025	87.4314518527966	1583.2807023115638	136.1963710525632
23409	0.0	90.38263631072827	3541.504114982038	132.49828313229605
23424	148.00188849412837	44.91979581533465	3081.8487260251304	44.141577474996446
23439	144.2053626868129	132.18585990402383	3937.826833727667	179.37690553555265
23454	133.53030676391907	43.930865162685514	51501.21595226471	42.664182172240686
23470	135.84264268599452	87.11486049614847	44591.38373036667	91.2649952068925
23485	69.78316196443512	134.47822284973228	2070.588773129303	177.0856841174327
23500	0.0	0.0	2305.3360182704027	0.0
23516	66.6306811068207	131.99449205214626	7078.3702964309505	198.18947764875367
23531	132.84945897340774	44.129810017384585	29550.620763711355	84.62916220277548
23546	0.0	131.09388106889094	188752.64566478188	88.28881382198072
23561	153.15242243802174	131.50625392448623	314684.05137149605	130.7207417941047
23576	66.03522195013706	0.0	244466.86731653646	0.0
23591	136.752508180961	223.90806650226006	262690.15748468926	130.9998817238817
23606	74.0651566554606	87.78185706809163	308214.6447836541	91.67567527987063
23622	736.700775197125	176.74815292613582	383189.9714256253	127.34209117894527
23637	332.2471563363215	87.62822529175318	338771.57695908233	88.94417743314989
23652	139.95804312807508	133.2587056254409	330187.6316976044	44.096856649680994
23667	0.0	43.2051715968037	338194.88396538905	128.6379923325777
23682	0.0	176.2597082297504	264354.0342452274	127.81104028370697
23697	131.30729603273795	87.61042673450895	346826.69960655994	138.56129703220446
23712	69.2229444820853	90.01200727075339	333935.54100897064	46.05791270875372
23728	366.25523572191594	87.599290907681	289080.81784380873	545.7132684516906
23743	1333.1362001544983	8419.623263206258	2438.047088558972	1538435.397356691
23758	676041.4240823793	1517298.8007902876	449635.9915062926	709454.4411587154
23773	559336.281256479	1105379.9291875418	351766.46521188214	522880.9443581325
23788	338411.54200450116	982414.4884668845	345365.5888458606	501449.405468645
23803	212675.7259709713	574327.0861963019	258142.48780160304	534784.1848731502
23818	122229.86343777369	1172865.5454478266	214081.92175985247	492165.88779854873
23834	101237.46532451139	1054134.6895218254	273018.14179030893	170517.50932255524
23849	392896.97180300753	622848.1264541877	191639.07514538954	37327.6137086606
23864	273958.28580404253	612895.3895284735	183633.6317467801	40123.31521009227
23879	46797.91865085512	684167.8425514393	153631.29358327534	30648.729232157064
23895	450413.5727456496	139247.63810261496	2952.053382703365	13496.016713809968
23910	341119.6792028427	176.6730778604746	13508.39789633924	118840.22587813082
23925	370181.4736324383	176.77461059957741	10837.01438335145	107220.87853171186
23940	459800.33647920226	44.190077097080646	7675.013992555887	306711.82536784024
23955	253597.15825530834	134.22920990223997	5976.518571192039	333100.3970657008
23970	14516.259646388004	44.077810523621736	33106.159989506006	375820.50974897
23985	10050.698354821227	0.0	83581.7753451715	241371.809155123
24001	14484.01129113623	136.83045184090736	148316.0214394863	102691.20884991008
24016	34700.44814885993	88.66688953804784	139913.50637645624	73627.89536452695
24031	30917.56433455315	87.1015904497262	154338.8592412325	109096.44246495499
24046	9465.663233022764	44.148008386413565	179317.09381773707	55767.69144775658
24061	10323.047346062402	176.19143011691048	80693.27892527689	248992.32160201104
24076	44926.44207562616	44.117794174700975	124160.3496433706	107749.18451987093
24091	270916.95588609314	44.05486683025956	29056.804031424555	243241.50741434327
24107	61506.64412479177	88.8777140726801	16356.420302424694	54807.133319440436
24122	289191.8851661664	216.58589136255907	2639.3626241013408	93877.41407436915
24137	173771.40727834267	89.26033420706167	1210.5989305557312	139675.17525788484
24152	76776.43760697641	88.10923160232603	895.8135972887278	44187.366618598586
24167	41120.17129887707	134.0055034201825	1559.5868166910855	8104.376213130356
24182	40443.85564841417	46.13250141173601	663.8332410416007	97.35231067808346
24197	154682.38714218486	273.3275594803691	694.3106898212434	86.28370205310173
24213	74466.9306678581	43.70454163178802	597.4519415170839	43.169740308029574
24228	205.98734422427137	43.75621170454659	1568.1610305404288	128.64992743603884
24243	81.74626978442073	87.4402750574518	1141.4860557128304	49.280491508226845
24258	144.43508449874818	176.0522690293193	42735.18558531689	195.4394756803848
24273	0.0	43.457714592129925	2242.729797006994	144.83834554776547
24288	172.89121314452962	131.57002956792712	4162.667441621013	129.75605271354317
24303	251.85866048086436	0.0	595.095366653055	90.3002822338324
24319	201.37257076973094	134.82205782383681	2338.059056181573	0.0
24334	69.42495270520449	88.25247780053877	1534.7946354871058	129.60524469431954
24349	65.95668043300509	133.6463165128883	1089.5517772498165	128.2117348458292
24364	74.27185860194732	87.47468690269626	86.70627332467586	0.0
24379	0.0	87.00705921798945	989.0751441326736	146.2617556492891
24394	72.21512027084827	131.75134794786572	901.8262617871167	98.14753107902594
24409	66.83658873402048	43.5459399007028	3166.5805124045773	49.59429744949099
24425	73.99504659231286	132.25842103871517	77088.37874963346	233.16913044212853
24440	133.91455961868166	131.6876890413696	23007.713515684274	43.07386515660212
24455	71.85740698177368	88.34469595785252	8915.452574207668	146.1974173712125
24470	67.55160918803885	145.14442688423674	7426.065880504342	86.30570893342606
24485	73.45177021769807	0.0	2391.6917987237866	144.14123815989586
24500	66.61821208924056	225.01695416125003	4429.5963323651085	86.31358021696099
24515	205.0860281374259	44.64144989541266	93181.54736048043	136.25403716364875
24531	68.37249531481415	45.013454694524405	36420.41956862291	86.77076493278146
24546	0.0	217.15191060556097	238308.6632666269	43.61298939706292
24561	202.97413988482208	87.89129738135263	224899.76524984196	175.6030382801965
24576	0.0	87.49461034989916	206297.85347293282	85.81777087949216
24591	75.68740486707539	44.27819492154289	212027.1469194503	182.25381414109842
24606	741.0483371366654	130.9142799101025	301127.60608271294	45.16180302938912
24622	136.55318432494997	0.0	334775.7100778626	42.772192262113094
24637	198.66998164493592	174.67082544144242	303937.8109576116	228.83819740649778
24652	73.17319953953847	88.29837194368243	322186.29962772474	133.79073671375403
24667	132.50196462211198	43.78543801559601	356027.20964988763	0.0
24682	0.0	87.3076259115804	352725.50224352576	144.776055572452
24697	132.03717063311487	43.78521573164035	316795.5350594509	0.0
24712	814.8769063572213	173.14939251530916	296357.63891059643	99.1355244557187
24727	1355.7677666661143	7812.496118298476	2630.1442030882276	1867.583644800894
24743	667981.5911582832	1396414.4126177817	411002.1444322659	923295.7001236323
24758	534414.6389163851	1102082.88651748	310136.0963651824	619548.2750318164
24773	350361.8082689366	740416.7475544743	318770.2613232922	526453.1856589641
24788	458225.9459815363	876827.9572116305	280541.1572017973	518784.752364407
24803	257420.56612803976	1157445.2208592943	151509.47600370026	526738.8529939394
24819	213610.1327872785	663884.4952747336	213774.6385747729	459406.0685313062
24834	150536.67829331517	609719.865015991	258983.11591931956	118678.58306021048
24849	30660.049554338486	610151.3021447281	72287.93926480477	35657.00109144765
24864	50300.79750059792	597944.5528628406	5657.554494385701	34563.733373720686
24879	43275.92009467648	4625.874472182691	140377.9552545433	37653.36639553149
24895	43098.05008753829	133.52033680845983	127739.4093338589	37739.604149954015
24910	130841.85658430497	137.34233866891825	1641.1919829010967	40649.34906652501
24925	55617.52546618803	179.7970449458435	2021.9153850376606	152374.64809294473
24940	373536.839015133	89.41758469743654	2731.9243042478993	98074.13655712032
24955	447488.5193914273	87.80479847405105	792.7036958559696	384177.3991761357
24970	536708.8567381692	180.6075958504714	878.4615499153733	87217.5148454268
24986	55379.417578973625	43.56261081506498	1500.6028108548746	392982.51550999674
25001	101112.80644124537	89.5697652451694	2674.949902920937	151941.84340233536
25016	340079.94971038227	86.81941023163498	2538.7207749601444	34189.56703422647
25031	118244.15359730081	44.483186307367866	6872.9387001144905	128825.94179938035
25046	92765.98972800108	219.7860971866641	8539.65202169437	258059.89471127375
25061	80254.5800402662	48.63975525627379	178593.2602087547	73752.21611881725
25077	78045.59753078013	131.22878309458494	76884.20334448747	103064.20214787968
25092	64276.88708162968	88.03034904171713	104004.13587428597	225614.7637587568
25107	156057.7291349023	131.6539944623178	229540.95944679357	151229.8740674937
25122	134384.4923275165	88.701282713525	207264.58474300546	191483.6036879185
25137	290833.59342875436	87.96011061801575	96163.26154421909	65735.34571453297
25152	102779.16543428971	89.30109215691685	179132.032866621	16558.869757220484
25167	73.24723662653007	87.1211525262054	3743.6916537110515	87.11755198027008
25183	0.0	0.0	5541.7149613782785	130.4648308216827
25198	137.29802753940226	133.11801646649837	21264.347121361363	142.9705284487456
25213	0.0	133.12611417456532	237074.34280470797	99.300179433804
25228	208.5748891917989	86.55301995798014	188508.33714084924	96.73274501941167
25243	0.0	87.28975651874207	2355.853637702763	130.68812913648785
25258	204.53951077580453	88.93820267553441	562.5645233087474	0.0
25273	65.78045234799384	43.76287034488283	825.7654434853235	147.7463799865544
25289	145.72733808738178	131.77202725186942	240.2660697682528	50.90064665738493
25304	66.13055292316713	132.9809319077432	399.57464363076724	89.48374061165377
25319	136.65843662247062	131.73937867905477	663.7254967102036	173.55413019545375
25334	65.20385069519281	131.47768070697782	717.3999666895531	84.69823374683037
25349	71.64079537190963	44.046194427306766	640.0712154865265	85.87655192509294
25364	136.8318611755967	132.10820429802408	2041.2590425434528	95.4322563258186
25379	0.0	86.8902234164346	2798.3663560038062	43.41545509764924
25395	204.6014232158661	44.40906649078242	2249.2667890740795	171.9368536596745
25410	0.0	175.41600773027167	493.3183134344872	88.09259303742088
25425	0.0	44.62913676297292	719.5716190026329	45.51478816041257
25440	197.64346879228953	174.97815107101576	1400.726821484151	128.88564271114302
25455	0.0	87.18174380904995	74444.54302092068	84.31569235004484
25470	231.99745076291262	43.742820689715444	332044.36865232	46.12934272889513
25485	71.44817649174482	218.72053334573283	203206.86936673193	147.62731897167396
25501	66.3340960565582	43.88084969136864	191259.19794681366	135.46584341168403
25516	0.0	130.95577327329664	234776.5606271206	137.261999613801
25531	486.05869339565743	43.48690863400698	255229.7404957278	129.66171747953632
25546	601.3027307255006	130.79203964437824	317212.4322732429	134.211773367282
25561	64.39854140136391	132.24516720615327	343764.81793361134	45.052925453931095
25576	129.0221295338124	43.983052128036505	365859.4859902695	147.2687817846844
25591	71.36746577403508	132.10288557726423	363838.8675962048	50.944704382382334
25607	67.55672272124794	131.39306051886174	329204.62420044455	85.6938603672944
25622	65.30684876422863	88.40780375644565	314556.33780595765	139.67402290999888
25637	266.904756644927	175.32007505547256	325156.7697801276	126.51479201902171
25652	900.3310669363802	3695.5016640179047	3741.777726641893	1843.1054915511515
25667	638676.501874582	3125179.5809966717	430124.2258779288	667278.9493138448
25682	572112.8754071331	1220863.5154569007	340346.43858958874	557987.6123396468
25698	535782.5683490967	1019203.4766609325	298160.3319942675	524550.2597485434
25713	399491.34115136514	646464.0230621676	299304.6126660688	440640.3480398654
25728	439519.9260286969	931860.4557288489	264073.1761991425	474546.4086326888
25744	506915.5478915863	977838.5583476962	159911.04360064073	446372.5689641796
25759	168360.5120704722	617663.5477401398	248843.56723335196	25800.762383630965
25774	39369.21631261496	547709.5110542865	219768.86686250014	21962.242522229386
25789	119625.61282836138	658697.094232394	181719.37303025773	34200.4989050898
25804	15960.513570897181	488790.2318856445	7669.03135457901	36805.93343618265
25819	16762.309503566725	135.15194943218026	9147.749194923928	36889.50639217012
25835	79351.22653176791	130.78172498895788	7580.72413501261	162392.706279006
25850	336488.456728337	134.116392342858	6591.363811946639	411334.59946329816
25865	51281.23721909188	88.66070461264812	41945.940830789135	243042.16745596484
25880	322719.22817069	87.4814079011511	160018.73799510326	156841.3284070241
25895	65231.167330447875	88.62825069397688	144641.94910755954	165188.52454757554
25910	291582.2126618234	88.22423988924362	239230.92211588664	59975.776094974644
25925	155434.03462121173	43.840191082307136	240308.6876640137	130926.94977060577
25941	320033.94323025894	176.64447454154492	200657.10500378392	212236.21854148954
25956	13554.563795522552	132.50400643967092	210255.48923324575	312360.11039490486
25971	6710.569879564457	87.73990516237915	232281.3317046671	89110.04787251596
25986	65462.2377343045	87.57894400916993	5486.822775778072	121959.65215971506
26001	34203.76393076185	90.61530820364132	1046.4566210608557	168658.88900589588
26016	236109.04362993926	87.92818684889004	877.8975267116723	249480.187589293
26031	104012.90694601882	133.17655223831537	1376.3050404712558	171593.73148320883
26047	213585.62297613602	87.86286198562011	3397.5479094685234	119689.16184752656
26062	328143.4263404716	87.65638427929021	4209.803209938107	83113.56303084709
26077	50719.059775301124	87.66435037106275	4244.039245853051	6951.22495409511
26092	165709.75950971452	132.23610132778063	3606.4319044155955	86.69641701736488
26107	0.0	176.9271367942728	2908.6033380372633	131.8733105411008
26122	270.52958968430755	87.75491934486665	2444.777127100229	43.22074075835757
26138	0.0	0.0	5106.147557330131	175.15642857741565
26153	66.67020672563463	133.33786320330574	4989.016280044535	0.0
26168	67.43656728621572	132.3092099031061	4752.05117593471	227.82669250569305
26183	203.69034951830284	132.6807492479682	5995.564344442448	51.43443211466074
26198	0.0	131.57828994293232	213745.50446026615	99.7242141473107
26213	131.60868150398136	43.77136875198223	5362.151244243113	84.5544225251209
26228	131.92906666874885	87.41393879668787	413.6413683570922	86.42617546401918
26244	0.0	175.44824249055236	502.1842466703896	42.229854895789174
26259	215.00111058354378	46.74902800696902	498.5511896129698	239.41147332410327
26274	65.51860688477754	129.406803799225	1549.7586578472055	0.0
26289	0.0	88.51729159859009	30630.261888672707	219.9349772437848
26304	129.14872516795992	131.34130697934887	280903.56947239436	42.74901325404644
26320	70.32384465982206	131.23898963810876	271922.55831280345	172.22944910237567
26335	0.0	43.22870316029526	121663.94723951783	42.781456642579286
26350	0.0	131.61175240643786	164334.37195969254	130.20134027690625
26365	264.6843755558878	86.88049329938367	193024.3089693595	43.29232446156442
26380	72.00327776551246	138.45485163852106	148324.7283784861	92.54484937822446
26395	661.927318375511	135.5637449046923	216447.99386179753	127.97387194407173
26410	65.72729380987585	45.08081244711298	253928.14724788818	133.8111327056307
26426	130.52343088835477	132.40933537570294	277265.2077194191	85.86282434424385
26441	0.0	88.60526531484909	241097.76313280436	139.82446863784455
26456	0.0	133.90208266256377	309774.6470069146	89.92995403781534
26471	65.35232023894787	0.0	312760.9520529345	57.41186276227236
26486	65.84348036407027	87.16345872508361	339783.9232271785	97.55517253279686
26501	145.34390311315656	131.95548044927884	268255.7191382202	87.4876001176983
26516	924.3061227370798	2869.691791068646	3066.6317726758643	2377.3507784028448
26532	755925.5870304804	3268989.387586653	409043.7767654958	0.0
26547	604679.3051839361	1090014.1807075075	330054.5237656009	427246.4186730981
26562	554077.9207835863	977616.1663128224	281578.7860525131	381519.5038245945
26577	473751.8203556977	628465.2790858367	306482.4474564755	413763.29664862074
26592	505260.24386758363	1043996.1944909461	253246.53335781483	413763.29664862074
26607	457567.17683691904	774390.791802647	19743.77650448978	500198.50101374503
26623	232581.91936782515	984282.3558407128	209361.8621759977	305960.0636128863
26638	44803.80406033739	503073.8340054	266694.3284119951	42762.393043793345
26653	38741.33093894041	519037.0614380881	214489.90931614998	34457.876330310864
26668	83342.87369902711	353841.12322068884	191752.17671463778	37933.36640644819
26683	315333.3464997716	44.51814823298715	9146.000576852039	36209.42931703406
26698	302035.00348025956	89.71546578526497	9568.831648734862	229711.63732840604
26713	45845.60816517916	43.80229029967915	2482.6803842327	345944.7565428715
26729	16618.69477550912	43.8759430353716	4645.497256985512	117537.09954520206
26744	23285.74908393649	133.0640900496114	1725.052299524546	98067.21860289654
26759	13828.438637656529	131.16570941678714	1199.2626708830892	371850.7612489527
26774	299950.9498351588	44.11162804011721	2185.634151598737	173248.99349810788
26789	79678.76108078842	192.50244656184688	756.1431336656491	193194.4602021512
26804	237008.23533624143	132.79373100416734	634.9094585797192	281052.6774560914
26820	280303.3950133681	46.42688038841821	1466.3222941632566	154844.99886775287
26835	249728.97306425154	180.59316010549665	5620.051107033417	36333.547257819475
26850	37337.89847002983	177.08394395550712	96994.33918251623	107700.03882192218
26865	36569.36567218535	49.054580309302544	151787.46686506644	49195.21293597251
26880	76682.21053216321	132.37154605010525	4813.238211799879	60366.53673684486
26895	282363.849762247	0.0	2227.2365267198625	245196.02360355228
26910	91612.50112189632	176.6658895717375	6367.28873027865	274360.7733302161
26926	264345.3955410365	88.19225449874997	89710.2173929885	66730.5438198064
26941	432.33860174007714	89.23475450575351	176933.3483838972	74530.14964014273
26956	509.88784645847977	87.00566555938684	61643.237957106896	2213.511513893912
26971	145.83086603779347	44.56729108914733	151314.21508347933	43.955533961355684
26986	66.81466818492395	176.3834951560758	189588.3276261292	170.4424469557032
27001	220.4879796335287	87.8410591702722	153005.43516095786	43.9066758264089
27016	132.51526177048683	134.54105276539923	68730.41855178062	85.86662097268737
27032	0.0	92.00544770509005	6242.827267656774	138.78450955478007
27047	70.78187443956267	90.18034501716494	2122.294830654748	173.58781359707936
27062	76.818454448618	89.60247085831128	6289.5715946455	151.1173147239536
27077	66.53048039618879	91.56028857679107	5531.311935824492	151.10927558626514
27092	133.36259142681956	132.9305232862942	6586.384556402263	43.77039613003377
27107	65.29395736977457	92.42421266684309	2780.2853012796486	42.90330160821788
27122	74.63965467214584	86.38520022293552	2521.846463483172	130.40014977882151
27138	143.44123776538297	88.01156617149711	1381.0600451069138	86.75920616708696
27153	66.59217714785133	87.31685172228143	483.8104723541066	181.18076256984844
27168	196.25133124600166	91.49077422946692	413.960181158036	84.48308283057064
27183	72.46132443889975	132.73991487569177	800.1084053108934	131.49107967060058
27198	68.70804917439818	46.089489468690005	485.507054676041	43.21006320348475
27213	0.0	228.46093858149834	1365.6015498161319	132.26828051088845
27229	67.27327342171222	46.29720176238101	899.7279888045788	41.86167143852916
27244	154.30293363571167	138.73858359632547	975.9326007440686	129.69089850082062
27259	0.0	44.21338473828044	649.8145615231991	91.73823813498952
27274	139.98864877665414	131.93429863535798	616.010937203765	86.52862167557701
27289	0.0	43.72017210023012	801.1556920744479	50.48418562017381
27305	73.86775044025853	141.42528754748403	506.7938632525038	132.84984004809056
27320	130.2068928256631	94.9703245653212	593.5576796472072	90.131168603478
27335	68.39779832214117	43.53721204705071	396.3302733376622	86.19230409929528
27350	135.54703399417923	220.34480780374724	988.7604172378778	128.7225757151004
27365	147.4641362574231	0.0	9211.671949461486	102.1907140791323
27380	67.0330983674666	138.56208841784857	141650.73643188583	99.93442376824096
27395	200.64169300049545	132.74999446618372	398.19019367676225	46.831617344007824
27411	136.70474757157265	88.2576187004894	512.878551954478	129.2270955467876
27426	0.0	86.67782538830302	635.6611753616854	130.37417300865053
27441	135.7740545205027	89.44112242477946	336.5488669499755	170.89176706373692
27456	140.46987279936673	183.98154413998128	398.91896199546755	47.30472710059956
27471	149.34208612307907	0.0	589.3853483352809	86.19986170138232
27486	0.0	176.21097531342878	1903.649005260411	185.211595607847
27501	129.545437928522	43.95226237425115	820.3999217040837	42.62879399723839
27516	0.0	133.14002991914748	557.0680222307146	129.26099273264407
27532	245.4320203787461	0.0	3633.322017735675	42.60668344523758
27547	0.0	134.83091248188168	4197.619499638677	173.89644072534517
27562	0.0	138.37652243373915	4330.097097308635	85.41230745762587
27577	264.33277460478246	135.7306130513549	100938.96304687945	42.92674343065359
27592	75.19800447558984	43.87551858862862	316069.6988083997	137.42881122996098
27607	67.33364831061569	141.74837504716123	331039.8115102394	44.699043010859754
27622	0.0	44.68903522718232	315874.20441487135	184.11940616667272
27638	133.13662877133117	46.30440286080353	257300.08634301342	88.39461614621803
27653	511.202465089038	139.8211649333965	267466.13479351066	88.4023850633204
27668	409.7191728186607	89.46622142451815	312123.23615788645	196.50570867687463
27683	0.0	87.36315776324831	353878.6514227624	49.357332719913686
27698	134.7931890374422	176.37187147302552	374325.54342832835	93.53561256439426
27713	143.0369353209436	137.69455778676087	364091.70127695985	45.75810155049898
27729	132.79900413163006	43.920624660346654	369232.854502028	135.63569576628504
27744	138.89557380024343	176.47509268792345	288674.80730681034	85.56257737442851
27759	403.94379535211715	44.3836365318764	330622.120739916	85.36490042138844
27774	1289.4726505149902	6249.628380743937	1974.3572978782934	85.26399459987879
27789	704817.9522838141	1865647.3548330537	442969.3169954351	3054.2110652848332
27804	573797.596678888	1103415.041107295	219066.1358517463	587776.770255285
27819	521530.2159995619	1015652.6633355583	264928.66627610463	509042.3596264813
27835	497065.14314555115	589833.6179796923	241183.20330545882	503381.1708241521
27850	465411.40711456223	1143682.072512582	171399.1898095137	453759.2978252221
27865	339356.77877906885	1056502.7096514713	36868.675782190076	482700.7900953446
27880	47457.40829919152	968548.7737274409	1141.5490985540255	440464.9792796274
27895	41434.25628314295	518810.30980832427	1298.4328478026905	78737.94531424971
27910	105582.97918054237	533575.4703406636	81449.62992291526	36042.74890568765
27926	385000.6571375202	283496.83975985553	195684.93294901997	39335.2163748309
27941	62265.72939823009	89.88633039683104	209428.71693586285	65151.96412918145
27956	240074.5423417585	89.45203316618688	59672.65123534824	13550.251868610829
27971	120503.00262964117	133.46173210384325	97677.32686989561	15435.00044459791
27986	194064.58466487547	92.7371170580387	17030.410899337847	57353.70798044146
28001	52530.11136861602	45.24530040848535	751.8787016104907	101322.97310018912
28016	148628.96573894814	178.71497698761522	892.9275298098149	399451.0955227208
28032	79492.60159962066	88.64398919885046	2530.1448669885654	347205.8875252726
28047	342156.09446331335	87.93218841983006	3113.223976029037	92312.15839546773
28062	70088.57316831779	100.99633330620826	7911.940816246981	54196.544218950345
28077	34495.288539394736	43.7896943750605	143848.72826656525	21443.647524720112
28092	85976.41091474137	177.09517960116267	107614.94139201152	11983.026540540437
28107	48044.64080276569	0.0	44761.92305952469	13459.083072559595
28123	158164.2241792276	183.53457069907338	6017.954469408542	187828.5891213872
28138	55658.50193914175	137.61688608705998	54472.419034277846	95410.92881860635
28153	146616.0132882366	89.55206535094418	196401.81283100604	140897.3278161815
28168	186192.82950126292	177.28242006294428	193658.54640271055	171408.8811687702
28183	354491.223327239	88.52976812571288	82753.87601274748	138315.00070113436
28198	35293.93902583972	47.81100839208811	6361.970191221326	190205.12232168065
28213	66.74024799332489	180.78031645836307	2595.802710928395	105440.95308432012
28229	70.07007815390826	88.70469454154372	1610.275785212219	111529.73438804745
28244	145.81515877471304	43.89012709495146	794.5507115069778	205857.56881257996
28261	68.61206248864532	136.50708756297826	1043.5212612721975	62625.031468719
28279	205.4812140083313	0.0	1633.821353396774	16414.505407668596
28296	134.57116648614408	131.17535540585408	2907.8738460620857	48.86480527653825
28311	75.91688768950291	88.89772519092075	5930.812387847604	134.88192511975765
28326	131.4789493754506	132.65266046804376	163724.36070990312	133.63833443820477
28341	66.43742678220849	92.96220154941082	120012.13137953986	88.11779406279325
28356	150.798467359934	135.65537055339666	2279.948526202441	185.76706690009684
28372	0.0	44.70375536191277	3888.0888873105687	94.21883541913704
28387	66.13018508661072	139.85563389435413	3464.2083504896877	44.45328246637713
28402	66.09920918764547	0.0	5276.711901419609	127.11801484031136
28417	73.25165061354637	134.41011360002216	150921.91421835948	100.47846183612943
28433	75.56268411608879	44.55001719956752	211447.6063481194	45.06891239299439
28448	81.87704263016582	88.65295451730489	4501.893893318251	132.90441971593538
28463	0.0	140.54275178650394	3626.617833527998	47.103059497885404
28478	250.7625708782673	131.14099653066137	3784.4768334148594	90.18764992746524
28493	139.55751741821877	89.73883450021967	14184.68948217425	147.99060525968673
28508	73.81827644873411	88.50788870708085	1474.699715503156	137.92598113470711
28523	72.83531989503652	175.048655256629	31040.247801559348	45.61598751395941
28539	77.75933991054073	47.7680509818485	200774.36263608932	190.61078426152469
28554	355.69103700031997	131.1200415654201	206569.0575126652	89.50619808630087
28569	70.42805401196703	133.45465313023422	273390.4016683634	97.57511247175745
28585	70.39414702422917	88.05345990401693	257376.32684209783	92.2293374502752
28600	78.67788253884763	186.27328799409793	245018.52189752247	156.92038009813984
28615	145.56781375818886	90.50983768357895	322107.069313996	102.95181434332393
28630	281.6581683393009	178.7043978962861	273415.5325517608	98.77343438844197
28645	74.62675489347428	0.0	403821.3367907413	94.26766642791219
28661	154.62607559988274	152.5110918492079	366862.5411604131	254.3446952088969
28676	0.0	92.0756019404158	327006.8720523078	0.0
28691	133.17338043928146	44.47168803643901	311283.5344753844	90.6491753911972
28706	131.67332970768214	215.57074835589157	321352.4898003399	137.54355429187416
28721	0.0	131.93379841305781	293676.4158456722	43.060813613273204
28736	664.8037257814408	1455.672146697063	2202.302703177966	1068.9495507504419
28752	1058157.607794702	4774186.027233613	655735.1362657838	620046.5841930492
28767	589782.3549700668	1193344.6393378184	387544.0344697085	494246.72871872433
28782	378291.5477283944	1059441.4004292616	295384.1937300796	487105.67365946365
28797	531127.4071476852	626767.7680835094	333065.33686142386	485207.63196618954
28813	515417.32765010465	1132533.1083882442	280112.3212122844	452943.30063545785
28829	535544.9167718656	1192459.8701502031	125926.78275445593	505085.28410464124
28844	283888.2601286682	569254.5783464646	269217.325250498	337016.2891068207
28859	38437.6186660237	597610.8563920187	179236.3889071738	37820.17227967102
28874	38291.65854033647	652605.9727882519	165171.66731360368	52286.14509462744
28889	116874.76443876259	542865.2895577431	2513.248805778418	45028.777041375
28904	13407.370909564903	2134.3562005112412	1611.4404612201079	184963.29719462272
28920	15247.78305408055	43.893369449754246	3081.1314925578477	15099.04145001333
28935	45318.33779546202	138.60003498507197	4526.328650671988	22992.871145957655
28950	58407.41638455432	46.357364531401544	6999.1805995946515	313674.2518229933
28965	150318.86443203574	142.96298935482278	96822.95314037024	351506.54019405256
28980	76876.25713876313	88.02689889682456	192896.03179303522	365917.1474960588
28996	42146.29221226036	45.3212361778738	18533.318334857373	376311.60054249887
29011	43588.1878572047	130.66673532670364	2360.6754665405533	231273.61790679465
29026	198075.58938786306	178.38074701085688	2438.2106445584077	188185.40255843732
29041	147040.87805545382	43.680500646373254	2014.5258299251	337329.7337034667
29057	300785.5452572928	177.0371673523262	2713.6441757678986	69906.32162616165
29072	326795.10660745413	86.55012978469021	108485.26612385278	252726.2202380768
29087	270680.36471786315	136.11313512699678	35415.36225734652	233129.42791436095
29102	141309.30726193334	0.0	40574.51957306087	242231.57833883568
29117	158946.36931659648	136.8632804410206	57597.374283920784	66406.93563082958
29132	340149.4497462868	46.019736688919366	39493.705332597434	29795.1811949641
29147	225929.90436228446	140.83275056269952	48116.97660920398	9654.086309257076
29163	104596.43698875021	90.4928648446966	46833.7465091732	252.73213405527642
29178	94915.80276542227	139.43979716408998	138606.8817623723	48.20237888474017
29193	0.0	45.4643505172804	218904.48240139784	237.81885544261897
29208	133.74774931564926	95.9242835842073	42148.85598367788	0.0
29223	72.68456890617963	142.08078787855806	2994.405467736796	144.90182543970644
29239	66.05471528280526	139.55435167475602	5404.98816315122	87.6122684687376
29254	208.67370123233644	0.0	209499.77596083644	152.17771708811168
29269	266.69389262244107	307.6226531564165	135543.47694838422	52.62699423506856
29285	0.0	0.0	1805.2359183597569	99.69509464742616
29300	67.21593749494758	93.54229298233986	1148.8424820584803	140.7284532936383
29315	132.43947224540636	89.57241408684291	2171.7591964421426	178.31669153815136
29330	0.0	138.56820302501322	4648.117441528941	175.6624989814684
29345	0.0	90.67804798479192	2388.508951690305	145.17265116599387
29360	137.31398322004824	137.31734737090767	4440.4022549486135	99.84830097293481
29376	130.00845600292087	91.18672515302896	2192.2103851102293	148.12637721187434
29391	196.49065033340827	179.04325477702542	1052.9576101167502	93.76222374816425
29406	0.0	0.0	970.903859468354	51.0144549005013
29421	66.24384373383131	43.97903787738178	1124.1392695274953	198.13419297039508
29436	131.70319021046163	133.517348696664	1533.3960241111226	104.70216948512011
29451	0.0	44.82872121531516	571.1430158440211	143.7241112007899
29467	134.36099388431757	44.64914454521611	480.34591093607247	110.76948566967621
29482	131.67413148641586	131.30381937264931	476.59074071578686	113.54334270000457
29497	127.73704620093108	133.73241238660646	239.34793029822873	105.44834860844537
29512	0.0	0.0	1533.6277102566696	138.68310896109324
29527	194.1817145291716	88.46920484920032	158.00089926928283	141.302174602272
29542	64.55579361654819	0.0	476.48801550367847	50.993663807823324
29557	0.0	177.26588856425136	1253.2622104525565	213.10485604640095
29573	68.97405658685602	96.697779289959	952.5764758536594	49.951865124385805
29588	128.59244111791253	177.85192677903922	638.0338405451179	46.96915176499169
29603	0.0	44.00172331734095	796.3355377912522	185.35237110843883
29618	67.41430252468213	176.25053004005923	1125.4837914960087	52.07995526990853
29633	230.744154331279	0.0	2399.2361815445875	95.24677237458528
29648	137.7791718468815	135.1319338648254	1798.1560615823691	241.69490988913458
29663	0.0	43.654774137376805	14831.668730380694	0.0
29679	266.43926703641193	132.06652373734397	135250.01575912914	98.48115048735403
29694	72.11863935180008	95.41144464614801	243074.67001096366	196.3600233782828
29709	181.14873498765752	87.05435386327095	274805.2958472899	146.0617598555982
29724	0.0	88.67140581898391	204413.65573810032	49.48585242852569
29739	0.0	177.01560580862687	194276.99270117775	46.762466544653286
29754	142.12070149421692	176.27749589040874	203662.7399324558	151.28352665394544
29769	66.46336597919463	135.75704601297622	285559.6466320254	103.27470371022821
29785	588.6750255012512	88.96559001654387	190794.13706352457	96.07036910050549
29800	66.19858682100195	43.856823427453634	301793.693596688	54.34030275537632
29815	0.0	133.63638037479947	311585.8133889192	212.82352416386829
29830	69.28089751884342	137.82110866708214	341460.0121458348	112.0742600319162
29845	139.6327412537299	86.6907785032969	355761.34169993823	44.30195639405865
29860	66.63447285403963	193.87606612965465	269796.37481479003	106.91386144116521
29875	138.93086559697986	86.6934156835638	295113.2983746689	96.11308661833405
29891	189.43373849378898	92.10760991910473	270541.6007388385	212.73394393874332
29906	858.6118402826135	6851.394340563728	2209.2161938810723	160.23325577884913
29921	647979.1798676136	1494538.7985514468	410235.8805421111	639508.813773093
29936	391732.5978072462	1073096.8594925036	295385.70622782124	516528.6748487436
29951	573117.0061050582	852245.5496004028	326814.8533543716	506937.7643348902
29966	513055.33455293544	868739.5336162644	290238.95352710586	490663.2643361413
29982	520832.37432884093	1148068.1891678902	123589.83153901678	512578.79271640914
29997	272507.4744328494	812949.455467322	259020.15579659276	227167.6207002796
30012	43887.680428076346	650512.9606237181	223226.2877716642	41064.95849304937
30027	79970.08703173423	527058.1277911274	182002.80085773556	50900.95595423203
30042	75320.17215882236	539868.7701219509	12795.66872113863	39810.428763326585
30058	448868.179796712	51189.64498471888	10205.847227085083	36639.0628677245
30073	131085.9617080968	46.197667570374904	46010.80096328189	39432.453162620965
30088	247740.88185533058	96.54399903863668	65566.1566308973	64135.446009565814
30103	197520.2567624921	139.65092382878066	108094.58447328508	205317.81917556364
30118	52635.199747668215	43.75826380201615	160149.29596914112	378581.8060741975
30133	53374.33427465855	133.53026594277006	230932.11049075914	365646.35214281955
30149	95849.05599303197	50.50030601482373	125031.32155063844	155424.69522645735
30164	14158.370437872334	140.41347479671242	51768.7979967278	261733.27239297057
30180	15478.069214527935	90.1956539295148	78916.03036061414	29052.418184285612
30195	67398.45510027	93.48243539355695	2371.357682672422	10232.9129110799
30210	447113.4414964352	140.40220195244999	1078.7450200882274	9922.71112739444
30225	228860.39443494048	194.2056029266119	487.87610423130917	155885.46477802424
30240	96245.7251122488	0.0	1128.4375153141004	107593.26318527928
30255	7112.823930876888	178.00878324894234	1262.3065344821289	309228.2545629305
30270	11938.055342691347	47.746649247496386	32414.631362747117	169100.88153466323
30286	15591.032982647213	96.6312013270706	47329.539237797784	145490.03957501115
30301	246160.20967302323	89.82622003488243	2870.230914136395	273842.1487698468
30316	297564.0255521994	177.1799243700318	1001.4530190515285	41403.95651797467
30331	42210.279295018656	86.69983394877053	2085.380702267401	97840.05013928672
30346	153844.66978582507	184.7731390029192	732.1974756349997	81454.10869606046
30361	475.8150455623865	94.78983507673256	1527.3757243216037	54.669909086278636
30376	149.14110682405533	133.81974662831985	2924.792683627941	154.6818893223256
30392	145.17734471356496	43.88641050245613	8927.050440137387	97.68535172376782
30407	0.0	135.34347664166705	136081.01885571267	96.64725307537243
30422	133.8472381277662	155.72341469254812	22480.276781397428	92.66437614415773
30437	74.01190786974504	94.69802359804511	351.4470639522001	47.39344004194718
30452	0.0	176.35637326201424	2091.458442084789	100.56387360658496
30467	402.6301842847653	48.8299152537575	2540.201931819888	160.63309329763055
30482	0.0	191.56785821959377	3583.127783197463	43.0317419053847
30498	72.19406602576375	47.55995326936245	49228.47147351638	94.30218459814787
30513	65.65796956669539	138.81207354526967	2626.837337266057	191.1453323110007
30528	0.0	134.67701750724112	1807.1295079607517	141.35221355170012
30543	212.60548349261285	92.352176648397	1995.9015151803196	91.41316534681246
30558	0.0	45.09994656199589	1685.0075624583292	184.61354003123938
30573	132.25395405448972	151.1730500847101	35141.57992845006	49.1446043385379
30588	0.0	134.07081495948137	3812.044786041845	147.0778610274056
30604	130.00956563040614	94.19008069454692	5871.063248817622	45.042702036886475
30619	0.0	45.400835959319956	120934.04773247584	144.6211646719929
30634	265.4187049417198	180.10405311880632	5148.461538346178	140.7689848175319
30649	134.45161821246148	99.01061752587557	9254.638364908633	106.97381099900231
30664	65.77696429148317	88.63783534461632	35715.674788755474	106.04748350828886
30679	226.60612426558043	92.94982143935748	211327.3387636087	150.35767975172496
30694	0.0	0.0	175533.66393891806	51.81674555864185
30710	196.3710311136022	143.8585801362991	295006.645287738	94.22231710381806
30725	65.54869728922844	180.8035466970876	278137.7326704119	95.58274493962526
30740	0.0	131.4451720580645	207171.84148940083	150.97715616035276
30755	130.73685345903039	92.41472355529666	243290.87122595674	181.93797420341522
30770	134.44287199012936	87.9047167558223	338095.06084670924	0.0
30785	264.69131350706334	48.768884738129564	415502.1002815246	135.9770970135927
30801	72.1395428935485	89.75529483556747	351107.8050892658	110.34204210905358
30816	409.98230166689495	135.07404756850562	282127.5150280704	93.13941522066482
30831	71.7254584133625	89.63609327830375	239522.4174095338	96.08436682610773
30846	70.34952019797173	96.30319008745253	286289.9755064541	49.039520057430494
30861	259.31077610867567	136.44263548610732	287040.7082518432	151.28034212444442
30876	253.76947172405198	92.73765731688589	289311.27656691766	140.84775806654244
30891	773522.8627155548	3426930.06295262	414636.77409674163	2361.274056516811
30907	485583.7226906079	1215958.7886402374	318142.272475888	862069.6239282448
30923	78103.62590139419	1038140.3427184863	221206.6364136021	580140.4768408557
30938	455385.0871318426	602156.38586218	346066.940255776	509567.81067777437
30953	505203.8971005316	1227735.879512638	308234.64924963366	506342.3406974405
30969	162254.24529359496	1017526.0336107209	100025.23739532195	514970.36848309735
30984	193071.89441403912	978367.5230675555	242081.5849205588	325062.6319605751
30999	355846.4715841246	614028.155648225	250311.44157398774	49739.80112515784
31014	190931.15418239884	517249.9038087521	126411.12145709654	11750.559923612214
31029	91210.62205287121	362253.52451476426	33121.80251684164	11386.766750915946
31044	92772.93870726199	179.73716322094202	3984.0969357319177	17780.518802456852
31060	203609.51712000222	0.0	6973.267569646239	77980.77772455025
31075	14453.11820292472	144.97721322365106	4796.343796893954	33342.76530451141
31090	15451.558757170566	140.00989483147862	47618.95184940857	13795.712018580081
31105	32375.557952149113	87.08822051435709	44557.08691621742	118371.87346189807
31120	117528.05267423994	181.21748347654938	197457.94491010203	263932.5225817409
31135	290125.19895563694	50.613334456533195	17985.191054871382	67913.37718478602
31151	508857.15903948375	88.80793811827898	9869.84539147692	91190.92718939159
31166	396015.9418998301	182.91479183854534	98656.79544035476	210006.43495268235
31181	53268.327068634215	87.58314789041877	102067.5959811118	169893.2283065062
31196	47937.508369790296	97.53218919312582	245262.24867959315	288426.485054831
31211	434981.2091568665	94.48749695040286	92744.28505976805	228080.82078427874
31227	314010.6065557692	228.57996536418796	179768.9767819043	113217.51201331892
31242	39416.95717512667	47.10589801371098	79455.92535513596	266339.3188238658
31257	263715.0338368648	46.332409123554825	188057.60278476408	76043.80934237501
31272	250389.53004995163	86.84809123897925	6624.240267903806	127924.40244864137
31287	68886.2067282658	94.15466134108603	5597.767650005984	199273.118200446
31303	180818.3494074857	44.553031583190894	2673.007460558345	274495.16120997723
31318	923.1772879372072	98.06615146398545	1620.6627963566782	1005.3098322651581
31333	131.68695610601455	132.53063444011846	2108.318007728341	92.42392566353082
31348	0.0	87.9160841794964	2063.4715039203224	152.34787018842994
31363	133.08980496730655	137.60031662948893	32052.60571465567	92.07681674455293
31379	0.0	94.24539169613271	2917.511881321985	50.475366977839734
31394	0.0	92.19273740046657	2096.1941077923775	183.73928290078416
31409	198.84469234732444	89.76880543618464	1746.4795139580965	47.31862143874169
31424	0.0	92.01701032668352	2240.753655057773	136.45389643102885
31439	313.54150696754454	142.04812658191656	22601.567884344317	99.82363032698632
31454	0.0	46.094540080768056	62611.245540603326	52.39807775706518
31469	65.38535064518452	131.6178974749893	7877.2744053483	133.48857843209524
31485	261.87845301749184	183.47256643176078	8523.122177280778	144.1789236695459
31500	69.69098916904069	90.80146353365853	49969.52413603519	93.35533345373348
31515	66.53987254779786	143.8424193036044	171373.3648636914	98.14244125664234
31530	265.28334111392496	90.6064645860996	280453.91510662885	143.10941148952583
31545	136.544748429209	137.7438642604463	253830.66345158505	0.0
31560	145.20587254584768	88.66596246659756	314651.6951095015	220.06717094510793
31576	0.0	0.0	307780.0037784195	282.59354883187916
31591	131.17493323492818	132.25127283290493	377238.7913285599	45.250844993307254
31606	131.51618387304245	45.53929141378961	370391.81550266384	46.13279819541145
31621	213.09828133373054	183.94128352571278	425155.79162576766	142.94891490384936
31636	400.66485090670176	46.63309005305171	375154.01290449436	105.52360010054893
31651	70.40526118485722	141.21171945604496	337735.8755535371	148.1980059480015
31666	203.64226730357854	146.35815038509202	311597.39748476533	138.2212626543129
31682	0.0	140.49917010951788	312770.70963577164	51.206151521578434
31697	392.61298938401046	92.49407883290202	312767.9076512754	94.45562790545635
31712	972.3670737388311	4424.359818919748	1462.5835885799677	2797.7526909379753
31727	719641.0968361474	2106888.0031427382	478090.24423935957	667172.4852460407
31742	437966.83226408425	1263055.4042339989	385079.24252292834	524137.9365994063
31757	527867.5300869409	951705.7576435809	359063.5497648189	490185.5324131072
31773	556494.6696308816	615333.4921990447	284994.39742642926	506045.7287159887
31788	548436.0453559167	1230894.1783996222	244126.51611423952	483412.45829891996
31804	432996.01261680486	1097933.9344478897	265419.8178410337	351560.9292418533
31819	46322.44013220839	977121.7114959619	249829.0685492202	51402.34821968069
31834	201712.09478822083	614231.4364280031	7806.3375990065	37291.78182406683
31849	44539.251886740916	506797.71692831133	111446.03766055824	37312.333009790396
31864	62243.42512252138	334795.13364652393	7655.505006668566	42941.05304843015
31879	64185.160853102105	94.95046966075897	3816.196126392483	14566.544860413425
31894	428853.10008408624	44.843026038361714	2500.4267029440307	14095.52005688196
31910	92125.62491827217	88.58266125150956	27672.505903779795	16694.623975550516
31925	64955.40143129914	137.0740378502151	145234.69750562918	46699.41908686549
31940	49654.06820225336	91.63709439396858	7468.482967513342	111621.90850130326
31955	48473.39839820653	43.98277783385478	662.8978338837624	113169.40641555296
31970	63446.624986809125	87.50667170663364	1067.2400310197845	368665.32380800095
31985	261315.0788937232	86.93007640346885	2487.045144613386	350680.79305833357
32001	102002.33713756134	46.16553866311442	2451.3271082997317	37211.40445305033
32016	313414.7226672131	45.22900559466332	2339.5730783981453	12947.749014133662
32031	155394.9413419962	132.85120611158666	2536.145440003462	72260.51928453117
32046	187391.2630412355	0.0	2862.837252825172	324973.78064225765
32061	12599.788731346289	182.30935563912615	40678.50021978751	75923.92550047128
32076	15587.948190330564	46.1037820739625	148027.51868983993	116745.87019741347
32091	101500.4782364752	87.88151710117236	163693.3555485651	133989.27365224125
32107	163892.3321649025	132.91995041415095	190383.068533664	51651.43305564457
32122	237723.34192247433	132.05818762520795	58882.506487443374	176122.98165055073
32137	63756.63943622049	45.95458901363891	223259.3597458205	95866.28409888822
32152	135874.25311002377	129.79681920929812	182879.69851403034	97326.82052904763
32167	169.90831697199494	134.5076990492642	13167.441924920082	43533.57699960144
32182	67.68257079029456	0.0	3356.5531420169063	252281.37126209214
32197	342.3595438532532	87.08980127403512	483.25116254266356	147396.82876450606
32213	67.90566860884428	91.92829803985543	315.6767847738229	238.73382004089652
32228	148.58090187609196	88.77967615684494	1374.6062583565713	93.56724782600999
32243	0.0	175.10640078181402	1274.5043692857028	153.2526542857289
32258	267.87096405774355	144.98694948724005	1725.2341429805756	110.24918563932181
32273	132.5840663259197	87.1465059270151	2711.628088214249	148.59546530047896
32288	72.95540172323585	237.1377369732829	1998.8730601182115	96.875490996195
32303	0.0	43.6697981774807	1776.18229844749	0.0
32319	71.56756294158752	133.01340541362762	2225.4962274497375	93.16437816172838
32334	72.71031085592229	43.62580206064973	6075.9055094187115	174.87578958420082
32349	69.29534157223999	175.94307619333267	6349.776828848829	43.06318187265657
32364	199.3312711051991	44.0689236179553	58919.72690507132	144.1965079641435
32379	68.08359841816127	87.2007337167859	6305.866476675814	85.77462997071444
32394	0.0	133.6214180792123	87620.763517445	136.83900187455117
32409	219.6142084284732	132.49871613072696	98483.89126850366	42.5528378136456
32425	0.0	93.37821456500329	32490.289692141116	242.44898410828318
32440	419.24799247970805	135.6346923978813	210860.29179878105	47.82035491190851
32455	0.0	87.49261117178946	218500.7745522838	159.27037012785672
32470	140.46692848579957	89.03858419250697	173633.1778897295	0.0
32485	0.0	87.81833336055278	219858.7230167298	175.64936912341042
32500	212.8860231952742	131.3920369051723	235359.0835815	90.14259025624023
32515	132.69900412768126	89.21874472200871	155226.82585601506	140.41291655234994
32531	71.43127254044171	175.92951234877108	162619.64548889114	88.33535899280571
32546	134.5512003749609	133.05992851758376	281296.66442719917	43.05242006090004
32561	131.7835977589991	87.82958726803773	109656.62623390151	201.59097715562208
32576	0.0	88.66184568558819	36931.890952020585	92.77837166619487
32591	0.0	89.09439001407475	335532.7581318339	86.59013835340738
32606	256.0100212328136	130.53292638887186	322394.11060239974	130.5797171709733
32622	140.7346221191343	87.59758080123923	312171.4066598221	145.8862773567438
32637	0.0	129.0566870895121	315679.69929563557	85.40111579700373
